{"uid":"4b4757e66a1912dae1a509f688f20b0f","name":"categories","children":[{"name":"Product defects","children":[{"name":"\nPassword 'null' is not equal to 'testPassword1' from request. \nScreenName 'null' is not equal to 'testScreenName_denysord88_807873506' from request. \nGender 'null' is not equal to 'MALE' from request. \nAge 'null' is not equal to 18 from request. \nRole 'null' is not equal to 'USER' from request. \n expected [true] but found [false]","children":[{"name":"GET /player/create/{editor}?age={age}&gender={gender}&login={login}&password={password}&role={role}&screenName={screenName}","uid":"ae022ea6e9fc8612","parentUid":"94283e17c5bfd4670440a3936def0912","status":"failed","time":{"start":1747816651332,"stop":1747816651487,"duration":155},"flaky":false,"newFailed":false,"newPassed":false,"newBroken":false,"retriesCount":0,"retriesStatusChange":false,"parameters":[],"tags":[]}],"uid":"94283e17c5bfd4670440a3936def0912"},{"name":"\nResponse of PATCH request is not equal to values from request: \nRole 'USER' is not equal to 'ADMIN' from request. Supervisor can't make admin from user \n expected [true] but found [false]","children":[{"name":"PATCH /player/get/{editor}/{id}","uid":"a021ca7783f9b31","parentUid":"fb9d811e647a03cbb8557c24fe402f06","status":"failed","time":{"start":1747816651781,"stop":1747816651979,"duration":198},"flaky":false,"newFailed":false,"newPassed":false,"newBroken":false,"retriesCount":0,"retriesStatusChange":false,"parameters":[],"tags":[]}],"uid":"fb9d811e647a03cbb8557c24fe402f06"},{"name":"Failed to delete player userToDelete with ID: 261496966 by editor 'supervisor': HTTP HTTP/1.1 403  -  expected [HTTP/1.1 204 ] but found [HTTP/1.1 403 ]","children":[{"name":"DELETE /player/delete/{editor}","uid":"9cfb9a18c9331d0b","parentUid":"8793cf68bba663d370554d2c411d90a7","status":"failed","time":{"start":1747816651791,"stop":1747816651883,"duration":92},"flaky":false,"newFailed":false,"newPassed":false,"newBroken":false,"retriesCount":0,"retriesStatusChange":false,"parameters":["PTC2.1","userToDelete","supervisor","Delete player with 'user' role by 'supervisor'"],"tags":[]}],"uid":"8793cf68bba663d370554d2c411d90a7"},{"name":"Failed to delete player adminToDelete with ID: 239052422 by editor 'supervisor': HTTP HTTP/1.1 403  -  expected [HTTP/1.1 204 ] but found [HTTP/1.1 403 ]","children":[{"name":"DELETE /player/delete/{editor}","uid":"48db31e1710f7352","parentUid":"d6a0b29b0979b28d89b83f9dcc2b1111","status":"failed","time":{"start":1747816651885,"stop":1747816651978,"duration":93},"flaky":false,"newFailed":false,"newPassed":false,"newBroken":false,"retriesCount":0,"retriesStatusChange":false,"parameters":["PTC2.2","adminToDelete","supervisor","Delete player with 'admin' role by 'supervisor'"],"tags":[]}],"uid":"d6a0b29b0979b28d89b83f9dcc2b1111"},{"name":"Failed to delete player userToDeleteByAdmin with ID: 1715474641 by editor 'adminEditor': HTTP HTTP/1.1 403  -  expected [HTTP/1.1 204 ] but found [HTTP/1.1 403 ]","children":[{"name":"DELETE /player/delete/{editor}","uid":"b5c95cb9dde69355","parentUid":"6deb9adcf0069016cea256d1004938b5","status":"failed","time":{"start":1747816651979,"stop":1747816652068,"duration":89},"flaky":false,"newFailed":false,"newPassed":false,"newBroken":false,"retriesCount":0,"retriesStatusChange":false,"parameters":["PTC2.3","userToDeleteByAdmin","adminEditor","Delete player with 'user' role by 'admin'"],"tags":[]}],"uid":"6deb9adcf0069016cea256d1004938b5"},{"name":"Failed to delete player adminToDeleteHimself with ID: 1503952963 by editor 'adminToDeleteHimself': HTTP HTTP/1.1 403  -  expected [HTTP/1.1 204 ] but found [HTTP/1.1 403 ]","children":[{"name":"DELETE /player/delete/{editor}","uid":"15a182d514d569f0","parentUid":"8b2e6cef45b0e54d5e5f230b1f03de08","status":"failed","time":{"start":1747816652070,"stop":1747816652163,"duration":93},"flaky":false,"newFailed":false,"newPassed":false,"newBroken":false,"retriesCount":0,"retriesStatusChange":false,"parameters":["PTC2.4","adminToDeleteHimself","adminToDeleteHimself","Delete player himself as 'admin'"],"tags":[]}],"uid":"8b2e6cef45b0e54d5e5f230b1f03de08"},{"name":"1 expectation failed.\nExpected status code <200> but was <403>.\n","children":[{"name":"PATCH /player/get/{editor}/{id}","uid":"6ff232f1d10292f3","parentUid":"ee2a4ff87663cce4d20d6419a954fcb6","status":"failed","time":{"start":1747816652374,"stop":1747816652495,"duration":121},"flaky":false,"newFailed":false,"newPassed":false,"newBroken":false,"retriesCount":0,"retriesStatusChange":false,"parameters":["PTC5.3","adminToUpdate","adminToUpdate","59","female","adminUpdatedLogin","0123456789abcDE","admin","adminScreenNameUpdated","Update 'admin' himself"],"tags":[]},{"name":"PATCH /player/get/{editor}/{id}","uid":"491f94b124c3e9af","parentUid":"ee2a4ff87663cce4d20d6419a954fcb6","status":"failed","time":{"start":1747816652497,"stop":1747816652592,"duration":95},"flaky":false,"newFailed":false,"newPassed":false,"newBroken":false,"retriesCount":0,"retriesStatusChange":false,"parameters":["PTC5.4","userToUpdate","adminEditor","59","female","userUpdatedLogin","0123456789abcDE","user","userScreenNameUpdated","Update 'user' by 'admin'"],"tags":[]},{"name":"GET /player/create/{editor}?age={age}&gender={gender}&login={login}&password={password}&role={role}&screenName={screenName}","uid":"fb74e948b1b84f88","parentUid":"ee2a4ff87663cce4d20d6419a954fcb6","status":"failed","time":{"start":1747816652573,"stop":1747816652681,"duration":108},"flaky":false,"newFailed":false,"newPassed":false,"newBroken":false,"retriesCount":0,"retriesStatusChange":false,"parameters":["PTC1.3","adminCreator","20","female","adminToCreateByAdmin","0123456789ABCDE","admin","adminScreenNameToCreateByAdmin","Create player 20 years old by role 'admin' with gender 'female' and role 'admin' and password '0123456789ABCDE'"],"tags":[]},{"name":"PATCH /player/get/{editor}/{id}","uid":"846989f641e23fc6","parentUid":"ee2a4ff87663cce4d20d6419a954fcb6","status":"failed","time":{"start":1747816652594,"stop":1747816652681,"duration":87},"flaky":false,"newFailed":false,"newPassed":false,"newBroken":false,"retriesCount":0,"retriesStatusChange":false,"parameters":["PTC5.5","userToUpdate","userToUpdate","59","male","userUpdatedLogin","0123456789abcDE","user","userScreenNameUpdated","Update 'user' himself"],"tags":[]},{"name":"GET /player/create/{editor}?age={age}&gender={gender}&login={login}&password={password}&role={role}&screenName={screenName}","uid":"377ba17a1b43f80e","parentUid":"ee2a4ff87663cce4d20d6419a954fcb6","status":"failed","time":{"start":1747816652684,"stop":1747816652784,"duration":100},"flaky":false,"newFailed":false,"newPassed":false,"newBroken":false,"retriesCount":0,"retriesStatusChange":false,"parameters":["PTC1.4","adminCreator","55","MALE","userToCreateByAdmin","abcde0123456789","user","userScreenNameToCreateByAdmin","Create player 55 years old by role 'admin' with gender 'MALE' and role user and password 'abcde0123456789'"],"tags":[]}],"uid":"ee2a4ff87663cce4d20d6419a954fcb6"},{"name":"User shouldn't be found expected [404] but found [200]","children":[{"name":"POST /player/get","uid":"b7fdef6c29da581b","parentUid":"52f454f94f7816efe761a2ec09014b8b","status":"failed","time":{"start":1747816652683,"stop":1747816652784,"duration":101},"flaky":false,"newFailed":false,"newPassed":false,"newBroken":false,"retriesCount":0,"retriesStatusChange":false,"parameters":[],"tags":[]}],"uid":"52f454f94f7816efe761a2ec09014b8b"},{"name":"Response code is not like expected for the negative test case: Update player with age 16\nHTTP/1.1 200  -  expected [400] but found [200]","children":[{"name":"PATCH /player/get/{editor}/{id}","uid":"fc808bb389bd93fe","parentUid":"6cb20ef83b4ec72f190efff0ab967cd4","status":"failed","time":{"start":1747816652786,"stop":1747816652889,"duration":103},"flaky":false,"newFailed":false,"newPassed":false,"newBroken":false,"retriesCount":0,"retriesStatusChange":false,"parameters":["NTC5.8","tooYoung","Update player with age 16","supervisor","16","male","adminUpdatedLogin","0123456789abcDE","admin","adminScreenNameUpdated","400"],"tags":[]}],"uid":"6cb20ef83b4ec72f190efff0ab967cd4"},{"name":"Response code is not like expected for the negative test case: Update player with age 60\nHTTP/1.1 200  -  expected [400] but found [200]","children":[{"name":"PATCH /player/get/{editor}/{id}","uid":"6f1d77e2e0ccea7e","parentUid":"d462952279aac4e49595c2cad87b29f1","status":"failed","time":{"start":1747816652890,"stop":1747816652983,"duration":93},"flaky":false,"newFailed":false,"newPassed":false,"newBroken":false,"retriesCount":0,"retriesStatusChange":false,"parameters":["NTC5.9","tooOld","Update player with age 60","supervisor","60","male","adminUpdatedLogin","0123456789abcDE","admin","adminScreenNameUpdated","400"],"tags":[]}],"uid":"d462952279aac4e49595c2cad87b29f1"},{"name":"Response code is not like expected for the negative test case: Update player with wrong gender\nHTTP/1.1 200  -  expected [400] but found [200]","children":[{"name":"PATCH /player/get/{editor}/{id}","uid":"ae75a251cb2b1b23","parentUid":"df24704c1810f26f42d22369019bac11","status":"failed","time":{"start":1747816652984,"stop":1747816653083,"duration":99},"flaky":false,"newFailed":false,"newPassed":false,"newBroken":false,"retriesCount":0,"retriesStatusChange":false,"parameters":["NTC5.11","wrongGender","Update player with wrong gender","supervisor","59","wrong","adminUpdatedLogin","0123456789abcDE","admin","adminScreenNameUpdated","400"],"tags":[]}],"uid":"df24704c1810f26f42d22369019bac11"},{"name":"Response code is not like expected for the negative test case: Create player with age 60 years old\nHTTP/1.1 200  - {\"id\":2117786328,\"login\":\"userToCreatedenysord88_-945358092\",\"password\":null,\"screenName\":null,\"gender\":null,\"age\":null,\"role\":null} expected [400] but found [200]","children":[{"name":"GET /player/create/{editor}?age={age}&gender={gender}&login={login}&password={password}&role={role}&screenName={screenName}","uid":"2497cff5e4425496","parentUid":"8c908a12003ab39e5acb616adff72416","status":"failed","time":{"start":1747816653084,"stop":1747816653174,"duration":90},"flaky":false,"newFailed":false,"newPassed":false,"newBroken":false,"retriesCount":0,"retriesStatusChange":false,"parameters":["NTC1.9","supervisor","60","male","userToCreate","019azAZ","user","userScreenNameToCreate","400","Create player with age 60 years old"],"tags":[]}],"uid":"8c908a12003ab39e5acb616adff72416"},{"name":"Response code is not like expected for the negative test case: Create player with gender 'wrong'\nHTTP/1.1 200  - {\"id\":109936600,\"login\":\"userToCreatedenysord88_-916848105\",\"password\":null,\"screenName\":null,\"gender\":null,\"age\":null,\"role\":null} expected [400] but found [200]","children":[{"name":"GET /player/create/{editor}?age={age}&gender={gender}&login={login}&password={password}&role={role}&screenName={screenName}","uid":"f55bd353957e2341","parentUid":"3c7da296a583fadfbdf83a600ba5cea3","status":"failed","time":{"start":1747816653180,"stop":1747816653260,"duration":80},"flaky":false,"newFailed":false,"newPassed":false,"newBroken":false,"retriesCount":0,"retriesStatusChange":false,"parameters":["NTC1.26","supervisor","17","wrong","userToCreate","019azAZ","user","userScreenNameToCreate","400","Create player with gender 'wrong'"],"tags":[]}],"uid":"3c7da296a583fadfbdf83a600ba5cea3"},{"name":"Response code is not like expected for the negative test case: Update player with role 'admin' by another 'admin'\nHTTP/1.1 200  - {\"id\":1957305140,\"login\":\"adminUpdatedLogindenysord88_735000823\",\"screenName\":\"adminScreenNameUpdateddenysord88_735000823\",\"gender\":\"male\",\"age\":59,\"role\":\"admin\"} expected [403] but found [200]","children":[{"name":"PATCH /player/get/{editor}/{id}","uid":"62e7e3b53853f0cc","parentUid":"096d10d048c884f7de3bc5fcb9a8a81b","status":"failed","time":{"start":1747816653182,"stop":1747816653268,"duration":86},"flaky":false,"newFailed":false,"newPassed":false,"newBroken":false,"retriesCount":0,"retriesStatusChange":false,"parameters":["NTC5.18","adminToUpdate","Update player with role 'admin' by another 'admin'","adminEditor","59","male","adminUpdatedLogin","0123456789abcDE","admin","adminScreenNameUpdated","403"],"tags":[]}],"uid":"096d10d048c884f7de3bc5fcb9a8a81b"},{"name":"Response code is not like expected for the negative test case: Create player with password with only digits\nHTTP/1.1 200  - {\"id\":1800967688,\"login\":\"userToCreatedenysord88_-890036205\",\"password\":null,\"screenName\":null,\"gender\":null,\"age\":null,\"role\":null} expected [400] but found [200]","children":[{"name":"GET /player/create/{editor}?age={age}&gender={gender}&login={login}&password={password}&role={role}&screenName={screenName}","uid":"49147d3408bfbf0b","parentUid":"3662a6a7f82f3cad71d92302f56f6554","status":"failed","time":{"start":1747816653261,"stop":1747816653343,"duration":82},"flaky":false,"newFailed":false,"newPassed":false,"newBroken":false,"retriesCount":0,"retriesStatusChange":false,"parameters":["NTC1.30","supervisor","17","male","userToCreate","12345678","user","userScreenNameToCreate","400","Create player with password with only digits"],"tags":[]}],"uid":"3662a6a7f82f3cad71d92302f56f6554"},{"name":"Response code is not like expected for the negative test case: Create player with password with only letters\nHTTP/1.1 200  - {\"id\":664382710,\"login\":\"userToCreatedenysord88_-863164723\",\"password\":null,\"screenName\":null,\"gender\":null,\"age\":null,\"role\":null} expected [400] but found [200]","children":[{"name":"GET /player/create/{editor}?age={age}&gender={gender}&login={login}&password={password}&role={role}&screenName={screenName}","uid":"7f9610b2a75bc232","parentUid":"05cc8fc8176a424aac89a381077343d7","status":"failed","time":{"start":1747816653344,"stop":1747816653426,"duration":82},"flaky":false,"newFailed":false,"newPassed":false,"newBroken":false,"retriesCount":0,"retriesStatusChange":false,"parameters":["NTC1.31","supervisor","17","male","userToCreate","abcdEFGhi","user","userScreenNameToCreate","400","Create player with password with only letters"],"tags":[]}],"uid":"05cc8fc8176a424aac89a381077343d7"},{"name":"Response code is not like expected for the negative test case: Create player with password with not allowed characters ()!@#$%.&*+;%:?\nHTTP/1.1 200  - {\"id\":137759585,\"login\":\"userToCreatedenysord88_-836263450\",\"password\":null,\"screenName\":null,\"gender\":null,\"age\":null,\"role\":null} expected [400] but found [200]","children":[{"name":"GET /player/create/{editor}?age={age}&gender={gender}&login={login}&password={password}&role={role}&screenName={screenName}","uid":"72fa0ce16611a4d4","parentUid":"f964f8deb78532dcf977f97637f41c1c","status":"failed","time":{"start":1747816653428,"stop":1747816653512,"duration":84},"flaky":false,"newFailed":false,"newPassed":false,"newBroken":false,"retriesCount":0,"retriesStatusChange":false,"parameters":["NTC1.32","supervisor","17","male","userToCreate","()!@#$%.&*+;%:?","user","userScreenNameToCreate","400","Create player with password with not allowed characters ()!@#$%.&*+;%:?"],"tags":[]}],"uid":"f964f8deb78532dcf977f97637f41c1c"},{"name":"Response code is not like expected for the negative test case: Update player with minimum password length (6 characters)\nHTTP/1.1 200  - {\"id\":1299641583,\"login\":\"adminUpdatedLogindenysord88_816419626\",\"screenName\":\"adminScreenNameUpdateddenysord88_816419626\",\"gender\":\"male\",\"age\":59,\"role\":\"admin\"} expected [400] but found [200]","children":[{"name":"PATCH /player/get/{editor}/{id}","uid":"ca57f0ff9f23ba51","parentUid":"c2db0a7498c6d665657dc905e55e4fc1","status":"failed","time":{"start":1747816653437,"stop":1747816653519,"duration":82},"flaky":false,"newFailed":false,"newPassed":false,"newBroken":false,"retriesCount":0,"retriesStatusChange":false,"parameters":["NTC5.21","smallPassword","Update player with minimum password length (6 characters)","supervisor","59","male","adminUpdatedLogin","12345s","admin","adminScreenNameUpdated","400"],"tags":[]}],"uid":"c2db0a7498c6d665657dc905e55e4fc1"},{"name":"Response code is not like expected for the negative test case: Create player with password 6 characters long\nHTTP/1.1 200  - {\"id\":233915606,\"login\":\"userToCreatedenysord88_-808706775\",\"password\":null,\"screenName\":null,\"gender\":null,\"age\":null,\"role\":null} expected [400] but found [200]","children":[{"name":"GET /player/create/{editor}?age={age}&gender={gender}&login={login}&password={password}&role={role}&screenName={screenName}","uid":"c283647d9d757566","parentUid":"b4bbe5f274500344a2924b19938c7b54","status":"failed","time":{"start":1747816653513,"stop":1747816653602,"duration":89},"flaky":false,"newFailed":false,"newPassed":false,"newBroken":false,"retriesCount":0,"retriesStatusChange":false,"parameters":["NTC1.35","supervisor","17","male","userToCreate","019azA","user","userScreenNameToCreate","400","Create player with password 6 characters long"],"tags":[]}],"uid":"b4bbe5f274500344a2924b19938c7b54"},{"name":"Response code is not like expected for the negative test case: Update player with password length (16 characters)\nHTTP/1.1 200  - {\"id\":1561896735,\"login\":\"adminUpdatedLogindenysord88_843916719\",\"screenName\":\"adminScreenNameUpdateddenysord88_843916719\",\"gender\":\"male\",\"age\":59,\"role\":\"admin\"} expected [400] but found [200]","children":[{"name":"PATCH /player/get/{editor}/{id}","uid":"7fdc2b441baa739e","parentUid":"020c06c28267450cb516a4112cddea9c","status":"failed","time":{"start":1747816653520,"stop":1747816653602,"duration":82},"flaky":false,"newFailed":false,"newPassed":false,"newBroken":false,"retriesCount":0,"retriesStatusChange":false,"parameters":["NTC5.22","longPassword","Update player with password length (16 characters)","supervisor","59","male","adminUpdatedLogin","0123456789abcDEF","admin","adminScreenNameUpdated","400"],"tags":[]}],"uid":"020c06c28267450cb516a4112cddea9c"},{"name":"Response code is not like expected for the negative test case: Create player with password 16 characters long\nHTTP/1.1 200  - {\"id\":502113187,\"login\":\"userToCreatedenysord88_-781001145\",\"password\":null,\"screenName\":null,\"gender\":null,\"age\":null,\"role\":null} expected [400] but found [200]","children":[{"name":"GET /player/create/{editor}?age={age}&gender={gender}&login={login}&password={password}&role={role}&screenName={screenName}","uid":"707f0c910a420b5f","parentUid":"50afae31df3fee8cc42e62f13f3f79e2","status":"failed","time":{"start":1747816653603,"stop":1747816653686,"duration":83},"flaky":false,"newFailed":false,"newPassed":false,"newBroken":false,"retriesCount":0,"retriesStatusChange":false,"parameters":["NTC1.36","supervisor","17","male","userToCreate","0123456789abcdef","user","userScreenNameToCreate","400","Create player with password 16 characters long"],"tags":[]}],"uid":"50afae31df3fee8cc42e62f13f3f79e2"}],"uid":"8fb3a91ba5aaf9de24cc8a92edc82b5d"},{"name":"Test defects","children":[{"name":"Cannot parse content to class models.PlayerGetByPlayerIdResponseDtoModel because no content-type was present in the response and no default parser has been set.\nYou can specify a default parser using e.g.:\nRestAssured.defaultParser = Parser.JSON;\n\nor you can specify an explicit ObjectMapper using as(class models.PlayerGetByPlayerIdResponseDtoModel, <ObjectMapper>);","children":[{"name":"POST /player/get","uid":"93ffad6f7e2c7c87","parentUid":"ccb887628bf1c7090d5b5991ab049fc2","status":"broken","time":{"start":1747816652067,"stop":1747816652164,"duration":97},"flaky":false,"newFailed":false,"newPassed":false,"newBroken":false,"retriesCount":0,"retriesStatusChange":false,"parameters":["PTC3.1","userById","17","male","userToGetById","019azAZ","user","userScreenNameToGetById","Get details by id of player 17 years old with gender 'male' and role 'user' and password '019azAZ'"],"tags":[]}],"uid":"ccb887628bf1c7090d5b5991ab049fc2"},{"name":"Cannot parse content to class models.PlayerUpdateResponseDtoModel because no content-type was present in the response and no default parser has been set.\nYou can specify a default parser using e.g.:\nRestAssured.defaultParser = Parser.JSON;\n\nor you can specify an explicit ObjectMapper using as(class models.PlayerUpdateResponseDtoModel, <ObjectMapper>);","children":[{"name":"PATCH /player/get/{editor}/{id}","uid":"c3e1b7b25414d5ca","parentUid":"fd744b37662ac5aea7e04535731b65dc","status":"broken","time":{"start":1747816652166,"stop":1747816652265,"duration":99},"flaky":false,"newFailed":false,"newPassed":false,"newBroken":false,"retriesCount":0,"retriesStatusChange":false,"parameters":["PTC5.1","adminToUpdate","supervisor","59","male","adminUpdatedLogin","0123456789abcDE","admin","adminScreenNameUpdated","Update player with role 'admin' all fields max length or value by supervisor"],"tags":[]},{"name":"PATCH /player/get/{editor}/{id}","uid":"9642ee0773f63ce3","parentUid":"fd744b37662ac5aea7e04535731b65dc","status":"broken","time":{"start":1747816652267,"stop":1747816652372,"duration":105},"flaky":false,"newFailed":false,"newPassed":false,"newBroken":false,"retriesCount":0,"retriesStatusChange":false,"parameters":["PTC5.2","userToUpdate","supervisor","17","female","userUpdatedLogin","012345cD","user","userScreenNameUpdated","Update player with role 'user' all fields min length or value by supervisor"],"tags":[]}],"uid":"fd744b37662ac5aea7e04535731b65dc"}],"uid":"bdbf199525818fae7a8651db9eafe741"}]}