{"uid":"83edc06c07f9ae9e47eb6dd1b683e4e2","name":"packages","children":[{"name":"preparation.TestDataPreparationTest","children":[{"name":"prepareTestData","uid":"ffad476b7cd0369a","parentUid":"9f67aeb310014b6c2105dbd01e5822b2","status":"passed","time":{"start":1747816648109,"stop":1747816648221,"duration":112},"flaky":false,"newFailed":false,"newPassed":false,"newBroken":false,"retriesCount":0,"retriesStatusChange":false,"parameters":["PTC1.3","adminCreator","18","female","AdminCreatorLogin","password123","admin","AdminCreatorName"],"tags":[]},{"name":"prepareTestData","uid":"a9f0ecabfdbf5f3a","parentUid":"9f67aeb310014b6c2105dbd01e5822b2","status":"passed","time":{"start":1747816648257,"stop":1747816648347,"duration":90},"flaky":false,"newFailed":false,"newPassed":false,"newBroken":false,"retriesCount":0,"retriesStatusChange":false,"parameters":["PTC1.4","adminCreator","18","male","AdminCreatorLogin","password123","admin","AdminCreatorName"],"tags":[]},{"name":"prepareTestData","uid":"7597feea10e7288b","parentUid":"9f67aeb310014b6c2105dbd01e5822b2","status":"passed","time":{"start":1747816648350,"stop":1747816648438,"duration":88},"flaky":false,"newFailed":false,"newPassed":false,"newBroken":false,"retriesCount":0,"retriesStatusChange":false,"parameters":["NTC1.7","userEditor","17","male","userEditorLogin","019azAZ","user","userEditorScreenName"],"tags":[]},{"name":"prepareTestData","uid":"edc28bb321b5c27f","parentUid":"9f67aeb310014b6c2105dbd01e5822b2","status":"passed","time":{"start":1747816648440,"stop":1747816648526,"duration":86},"flaky":false,"newFailed":false,"newPassed":false,"newBroken":false,"retriesCount":0,"retriesStatusChange":false,"parameters":["PTC2.1","userToDelete","18","male","UserLogin","password123","user","UserName"],"tags":[]},{"name":"prepareTestData","uid":"11a8da4dd541a423","parentUid":"9f67aeb310014b6c2105dbd01e5822b2","status":"passed","time":{"start":1747816648527,"stop":1747816648613,"duration":86},"flaky":false,"newFailed":false,"newPassed":false,"newBroken":false,"retriesCount":0,"retriesStatusChange":false,"parameters":["PTC2.2","adminToDelete","18","female","AdminLogin","password123","admin","AdminName"],"tags":[]},{"name":"prepareTestData","uid":"8bcdbd1303584e8c","parentUid":"9f67aeb310014b6c2105dbd01e5822b2","status":"passed","time":{"start":1747816648614,"stop":1747816648697,"duration":83},"flaky":false,"newFailed":false,"newPassed":false,"newBroken":false,"retriesCount":0,"retriesStatusChange":false,"parameters":["PTC2.3","userToDeleteByAdmin","18","male","UserLogin","password123","user","UserName"],"tags":[]},{"name":"prepareTestData","uid":"62b6610bbf6e9071","parentUid":"9f67aeb310014b6c2105dbd01e5822b2","status":"passed","time":{"start":1747816648698,"stop":1747816648786,"duration":88},"flaky":false,"newFailed":false,"newPassed":false,"newBroken":false,"retriesCount":0,"retriesStatusChange":false,"parameters":["PTC2.3","adminEditor","18","female","AdminLogin","password123","admin","AdminName"],"tags":[]},{"name":"prepareTestData","uid":"148b4dbf62259613","parentUid":"9f67aeb310014b6c2105dbd01e5822b2","status":"passed","time":{"start":1747816648788,"stop":1747816648874,"duration":86},"flaky":false,"newFailed":false,"newPassed":false,"newBroken":false,"retriesCount":0,"retriesStatusChange":false,"parameters":["PTC2.4","adminToDeleteHimself","18","male","AdminLogin","password123","admin","AdminName"],"tags":[]},{"name":"prepareTestData","uid":"44aa9e48ba52452f","parentUid":"9f67aeb310014b6c2105dbd01e5822b2","status":"passed","time":{"start":1747816648876,"stop":1747816648964,"duration":88},"flaky":false,"newFailed":false,"newPassed":false,"newBroken":false,"retriesCount":0,"retriesStatusChange":false,"parameters":["NTC2.6","adminToDelete","18","male","AdminLogin","password123","admin","AdminName"],"tags":[]},{"name":"prepareTestData","uid":"5880a48444ca0d40","parentUid":"9f67aeb310014b6c2105dbd01e5822b2","status":"passed","time":{"start":1747816648966,"stop":1747816649051,"duration":85},"flaky":false,"newFailed":false,"newPassed":false,"newBroken":false,"retriesCount":0,"retriesStatusChange":false,"parameters":["NTC2.6","adminEditor","18","female","AdminEditorLogin","password123","admin","AdminEditorName"],"tags":[]},{"name":"prepareTestData","uid":"587652410b13e348","parentUid":"9f67aeb310014b6c2105dbd01e5822b2","status":"passed","time":{"start":1747816649053,"stop":1747816649137,"duration":84},"flaky":false,"newFailed":false,"newPassed":false,"newBroken":false,"retriesCount":0,"retriesStatusChange":false,"parameters":["NTC2.7","userToDelete","18","female","UserLogin","password123","user","UserName"],"tags":[]},{"name":"prepareTestData","uid":"43086011ae491321","parentUid":"9f67aeb310014b6c2105dbd01e5822b2","status":"passed","time":{"start":1747816649138,"stop":1747816649223,"duration":85},"flaky":false,"newFailed":false,"newPassed":false,"newBroken":false,"retriesCount":0,"retriesStatusChange":false,"parameters":["NTC2.7","userEditor","18","male","UserEditorLogin","password123","user","UserEditorName"],"tags":[]},{"name":"prepareTestData","uid":"940685768e61c8db","parentUid":"9f67aeb310014b6c2105dbd01e5822b2","status":"passed","time":{"start":1747816649224,"stop":1747816649309,"duration":85},"flaky":false,"newFailed":false,"newPassed":false,"newBroken":false,"retriesCount":0,"retriesStatusChange":false,"parameters":["NTC2.8","userToDelete","18","male","UserLogin","password123","user","UserName"],"tags":[]},{"name":"prepareTestData","uid":"1b2bd40a754824d6","parentUid":"9f67aeb310014b6c2105dbd01e5822b2","status":"passed","time":{"start":1747816649310,"stop":1747816649397,"duration":87},"flaky":false,"newFailed":false,"newPassed":false,"newBroken":false,"retriesCount":0,"retriesStatusChange":false,"parameters":["NTC2.10","adminToDelete","18","male","AdminLogin","password123","admin","AdminName"],"tags":[]},{"name":"prepareTestData","uid":"526535b1e888f189","parentUid":"9f67aeb310014b6c2105dbd01e5822b2","status":"passed","time":{"start":1747816649398,"stop":1747816649487,"duration":89},"flaky":false,"newFailed":false,"newPassed":false,"newBroken":false,"retriesCount":0,"retriesStatusChange":false,"parameters":["PTC3.1","userById","17","male","userToGetById","019azAZ","user","userScreenNameToGetById"],"tags":[]},{"name":"prepareTestData","uid":"9ae642741f578b66","parentUid":"9f67aeb310014b6c2105dbd01e5822b2","status":"passed","time":{"start":1747816649489,"stop":1747816649634,"duration":145},"flaky":false,"newFailed":false,"newPassed":false,"newBroken":false,"retriesCount":0,"retriesStatusChange":false,"parameters":["PTC5.1","adminToUpdate","17","male","adminToUpdateLogin","abcdef1","admin","adminScreenNameToUpdate"],"tags":[]},{"name":"prepareTestData","uid":"51352a71b7dd458c","parentUid":"9f67aeb310014b6c2105dbd01e5822b2","status":"passed","time":{"start":1747816649637,"stop":1747816649925,"duration":288},"flaky":false,"newFailed":false,"newPassed":false,"newBroken":false,"retriesCount":0,"retriesStatusChange":false,"parameters":["PTC5.2","userToUpdate","59","female","userToUpdateLogin","0123456789abcDE","user","userScreenNameToUpdate"],"tags":[]},{"name":"prepareTestData","uid":"86f753b7774f48c4","parentUid":"9f67aeb310014b6c2105dbd01e5822b2","status":"passed","time":{"start":1747816649926,"stop":1747816650131,"duration":205},"flaky":false,"newFailed":false,"newPassed":false,"newBroken":false,"retriesCount":0,"retriesStatusChange":false,"parameters":["PTC5.3","adminToUpdate","20","female","adminToUpdateLogin","0123456789abcDE","admin","adminScreenNameToUpdate"],"tags":[]},{"name":"prepareTestData","uid":"ffea2869682a4c79","parentUid":"9f67aeb310014b6c2105dbd01e5822b2","status":"passed","time":{"start":1747816650132,"stop":1747816650224,"duration":92},"flaky":false,"newFailed":false,"newPassed":false,"newBroken":false,"retriesCount":0,"retriesStatusChange":false,"parameters":["PTC5.4","userToUpdate","33","female","userToUpdateLogin","0123456789abcDE","user","userScreenNameToUpdate"],"tags":[]},{"name":"prepareTestData","uid":"b3b82a5986e7af7a","parentUid":"9f67aeb310014b6c2105dbd01e5822b2","status":"passed","time":{"start":1747816650225,"stop":1747816650306,"duration":81},"flaky":false,"newFailed":false,"newPassed":false,"newBroken":false,"retriesCount":0,"retriesStatusChange":false,"parameters":["PTC5.4","adminEditor","50","female","adminEditorLogin","0123456789abcDE","admin","adminScreenNameEditor"],"tags":[]},{"name":"prepareTestData","uid":"c7e023707f21370f","parentUid":"9f67aeb310014b6c2105dbd01e5822b2","status":"passed","time":{"start":1747816650307,"stop":1747816650390,"duration":83},"flaky":false,"newFailed":false,"newPassed":false,"newBroken":false,"retriesCount":0,"retriesStatusChange":false,"parameters":["PTC5.5","userToUpdate","17","male","userToUpdateLogin","0123456789abcDE","user","userScreenNameToUpdate"],"tags":[]},{"name":"prepareTestData","uid":"9671cbe536ab4954","parentUid":"9f67aeb310014b6c2105dbd01e5822b2","status":"passed","time":{"start":1747816650391,"stop":1747816650475,"duration":84},"flaky":false,"newFailed":false,"newPassed":false,"newBroken":false,"retriesCount":0,"retriesStatusChange":false,"parameters":["NTC5.8","tooYoung","17","male","adminToUpdateLogin","abcdef1","admin","adminToUpdateScreenName"],"tags":[]},{"name":"prepareTestData","uid":"c4cba700edff82fe","parentUid":"9f67aeb310014b6c2105dbd01e5822b2","status":"passed","time":{"start":1747816650476,"stop":1747816650560,"duration":84},"flaky":false,"newFailed":false,"newPassed":false,"newBroken":false,"retriesCount":0,"retriesStatusChange":false,"parameters":["NTC5.9","tooOld","17","male","adminToUpdateLogin","abcdef1","admin","adminToUpdateScreenName"],"tags":[]},{"name":"prepareTestData","uid":"2defe596ed277d63","parentUid":"9f67aeb310014b6c2105dbd01e5822b2","status":"passed","time":{"start":1747816650561,"stop":1747816650643,"duration":82},"flaky":false,"newFailed":false,"newPassed":false,"newBroken":false,"retriesCount":0,"retriesStatusChange":false,"parameters":["NTC5.11","wrongGender","54","male","adminToUpdateLogin","abcdef1","admin","adminToUpdateScreenName"],"tags":[]},{"name":"prepareTestData","uid":"34533724f400d7d3","parentUid":"9f67aeb310014b6c2105dbd01e5822b2","status":"passed","time":{"start":1747816650644,"stop":1747816650726,"duration":82},"flaky":false,"newFailed":false,"newPassed":false,"newBroken":false,"retriesCount":0,"retriesStatusChange":false,"parameters":["NTC5.17","userToUpdate","43","male","userToUpdateLogin","abcdef1","user","userToUpdateScreenName"],"tags":[]},{"name":"prepareTestData","uid":"7c81cf32ead51781","parentUid":"9f67aeb310014b6c2105dbd01e5822b2","status":"passed","time":{"start":1747816650727,"stop":1747816650812,"duration":85},"flaky":false,"newFailed":false,"newPassed":false,"newBroken":false,"retriesCount":0,"retriesStatusChange":false,"parameters":["NTC5.17","userEditor","33","male","userLogin","abcdef1","user","userScreenName"],"tags":[]},{"name":"prepareTestData","uid":"1cc9ecfa073c4700","parentUid":"9f67aeb310014b6c2105dbd01e5822b2","status":"passed","time":{"start":1747816650814,"stop":1747816650896,"duration":82},"flaky":false,"newFailed":false,"newPassed":false,"newBroken":false,"retriesCount":0,"retriesStatusChange":false,"parameters":["NTC5.18","adminToUpdate","22","male","adminToUpdateLogin","abcdef1","admin","adminToUpdateScreenName"],"tags":[]},{"name":"prepareTestData","uid":"9ec2f2374df3d904","parentUid":"9f67aeb310014b6c2105dbd01e5822b2","status":"passed","time":{"start":1747816650897,"stop":1747816650979,"duration":82},"flaky":false,"newFailed":false,"newPassed":false,"newBroken":false,"retriesCount":0,"retriesStatusChange":false,"parameters":["NTC5.18","adminEditor","44","male","adminLogin","abcdef1","admin","adminScreenName"],"tags":[]},{"name":"prepareTestData","uid":"6acb3dc1c8f99075","parentUid":"9f67aeb310014b6c2105dbd01e5822b2","status":"passed","time":{"start":1747816650981,"stop":1747816651063,"duration":82},"flaky":false,"newFailed":false,"newPassed":false,"newBroken":false,"retriesCount":0,"retriesStatusChange":false,"parameters":["NTC5.19","adminEditor","55","male","adminLogin","abcdef1","admin","adminScreenName"],"tags":[]},{"name":"prepareTestData","uid":"a8e1a7242f8bfac6","parentUid":"9f67aeb310014b6c2105dbd01e5822b2","status":"passed","time":{"start":1747816651064,"stop":1747816651144,"duration":80},"flaky":false,"newFailed":false,"newPassed":false,"newBroken":false,"retriesCount":0,"retriesStatusChange":false,"parameters":["NTC5.20","userEditor","44","male","userLogin","abcdef1","user","userScreenName"],"tags":[]},{"name":"prepareTestData","uid":"1f26962088ac46f3","parentUid":"9f67aeb310014b6c2105dbd01e5822b2","status":"passed","time":{"start":1747816651145,"stop":1747816651230,"duration":85},"flaky":false,"newFailed":false,"newPassed":false,"newBroken":false,"retriesCount":0,"retriesStatusChange":false,"parameters":["NTC5.21","smallPassword","22","male","adminToUpdateLogin","abcdef1","admin","adminToUpdateScreenName"],"tags":[]},{"name":"prepareTestData","uid":"b2fb58cdb7ef8536","parentUid":"9f67aeb310014b6c2105dbd01e5822b2","status":"passed","time":{"start":1747816651231,"stop":1747816651313,"duration":82},"flaky":false,"newFailed":false,"newPassed":false,"newBroken":false,"retriesCount":0,"retriesStatusChange":false,"parameters":["NTC5.22","longPassword","33","male","adminToUpdateLogin","abcdef1","admin","adminToUpdateScreenName"],"tags":[]}],"uid":"preparation.TestDataPreparationTest"},{"name":"tests","children":[{"name":"smoke","children":[{"name":"PlayerCreateTest","children":[{"name":"createPlayer","uid":"ae022ea6e9fc8612","parentUid":"b91680103c25c095b6074b40243cbd32","status":"failed","time":{"start":1747816651332,"stop":1747816651487,"duration":155},"flaky":false,"newFailed":false,"newPassed":false,"newBroken":false,"retriesCount":0,"retriesStatusChange":false,"parameters":[],"tags":[]}],"uid":"b91680103c25c095b6074b40243cbd32"},{"name":"PlayerGetTest","children":[{"name":"getPlayer","uid":"2b3c444105947997","parentUid":"1459d962d23d463445fee1ea2f3b0ad3","status":"passed","time":{"start":1747816651465,"stop":1747816651570,"duration":105},"flaky":false,"newFailed":false,"newPassed":false,"newBroken":false,"retriesCount":0,"retriesStatusChange":false,"parameters":[],"tags":[]}],"uid":"1459d962d23d463445fee1ea2f3b0ad3"},{"name":"PlayerDeleteTest","children":[{"name":"deletePlayer","uid":"a81668f389883a67","parentUid":"5ff0d3cf870ed1002463b10c4f31b618","status":"passed","time":{"start":1747816651473,"stop":1747816651634,"duration":161},"flaky":false,"newFailed":false,"newPassed":false,"newBroken":false,"retriesCount":0,"retriesStatusChange":false,"parameters":[],"tags":[]}],"uid":"5ff0d3cf870ed1002463b10c4f31b618"},{"name":"PlayerGetAllTest","children":[{"name":"getAllPlayers","uid":"746f4772d4e8541c","parentUid":"5926c854c734e7a977234c7b788a688e","status":"passed","time":{"start":1747816651641,"stop":1747816651790,"duration":149},"flaky":false,"newFailed":false,"newPassed":false,"newBroken":false,"retriesCount":0,"retriesStatusChange":false,"parameters":[],"tags":[]}],"uid":"5926c854c734e7a977234c7b788a688e"},{"name":"PlayerUpdateTest","children":[{"name":"updatePlayer","uid":"a021ca7783f9b31","parentUid":"1755d2d633565bb1c1bb984c6fa374f0","status":"failed","time":{"start":1747816651781,"stop":1747816651979,"duration":198},"flaky":false,"newFailed":false,"newPassed":false,"newBroken":false,"retriesCount":0,"retriesStatusChange":false,"parameters":[],"tags":[]}],"uid":"1755d2d633565bb1c1bb984c6fa374f0"}],"uid":"1e0bbe5bc954e4f0014d0c8a5f0023c5"},{"name":"e2e.E2ETest","children":[{"name":"completeFlowTest","uid":"dd1e9e46d06c1837","parentUid":"b78a29f1bfb1bfc058ef19db962f0d31","status":"passed","time":{"start":1747816651705,"stop":1747816652265,"duration":560},"flaky":false,"newFailed":false,"newPassed":false,"newBroken":false,"retriesCount":0,"retriesStatusChange":false,"parameters":[],"tags":[]}],"uid":"e2e.E2ETest"},{"name":"functional","children":[{"name":"positive","children":[{"name":"PlayerDaleteTest","children":[{"name":"deletePlayersPositive","uid":"9cfb9a18c9331d0b","parentUid":"0fc17c151bd788b529bc6af38af570b9","status":"failed","time":{"start":1747816651791,"stop":1747816651883,"duration":92},"flaky":false,"newFailed":false,"newPassed":false,"newBroken":false,"retriesCount":0,"retriesStatusChange":false,"parameters":["PTC2.1","userToDelete","supervisor","Delete player with 'user' role by 'supervisor'"],"tags":[]},{"name":"deletePlayersPositive","uid":"48db31e1710f7352","parentUid":"0fc17c151bd788b529bc6af38af570b9","status":"failed","time":{"start":1747816651885,"stop":1747816651978,"duration":93},"flaky":false,"newFailed":false,"newPassed":false,"newBroken":false,"retriesCount":0,"retriesStatusChange":false,"parameters":["PTC2.2","adminToDelete","supervisor","Delete player with 'admin' role by 'supervisor'"],"tags":[]},{"name":"deletePlayersPositive","uid":"b5c95cb9dde69355","parentUid":"0fc17c151bd788b529bc6af38af570b9","status":"failed","time":{"start":1747816651979,"stop":1747816652068,"duration":89},"flaky":false,"newFailed":false,"newPassed":false,"newBroken":false,"retriesCount":0,"retriesStatusChange":false,"parameters":["PTC2.3","userToDeleteByAdmin","adminEditor","Delete player with 'user' role by 'admin'"],"tags":[]},{"name":"deletePlayersPositive","uid":"15a182d514d569f0","parentUid":"0fc17c151bd788b529bc6af38af570b9","status":"failed","time":{"start":1747816652070,"stop":1747816652163,"duration":93},"flaky":false,"newFailed":false,"newPassed":false,"newBroken":false,"retriesCount":0,"retriesStatusChange":false,"parameters":["PTC2.4","adminToDeleteHimself","adminToDeleteHimself","Delete player himself as 'admin'"],"tags":[]}],"uid":"0fc17c151bd788b529bc6af38af570b9"},{"name":"PlayerGetTest","children":[{"name":"getPlayer","uid":"93ffad6f7e2c7c87","parentUid":"e3d67fc14419e2e9327a039de903ab41","status":"broken","time":{"start":1747816652067,"stop":1747816652164,"duration":97},"flaky":false,"newFailed":false,"newPassed":false,"newBroken":false,"retriesCount":0,"retriesStatusChange":false,"parameters":["PTC3.1","userById","17","male","userToGetById","019azAZ","user","userScreenNameToGetById","Get details by id of player 17 years old with gender 'male' and role 'user' and password '019azAZ'"],"tags":[]}],"uid":"e3d67fc14419e2e9327a039de903ab41"},{"name":"PlayerCreateTest","children":[{"name":"createPlayersPositive","uid":"132a23ad85dab09","parentUid":"77aebdb43deaf4aa9151c187d5608d7a","status":"passed","time":{"start":1747816652164,"stop":1747816652372,"duration":208},"flaky":false,"newFailed":false,"newPassed":false,"newBroken":false,"retriesCount":0,"retriesStatusChange":false,"parameters":["PTC1.1","supervisor","17","male","userToCreate","019azAZ","user","userScreenNameToCreate","Create player 17 years old by role 'supervisor' with gender 'male' and role 'user' and password '019azAZ'"],"tags":[]},{"name":"createPlayersPositive","uid":"a0fc888d2530411d","parentUid":"77aebdb43deaf4aa9151c187d5608d7a","status":"passed","time":{"start":1747816652373,"stop":1747816652572,"duration":199},"flaky":false,"newFailed":false,"newPassed":false,"newBroken":false,"retriesCount":0,"retriesStatusChange":false,"parameters":["PTC1.2","supervisor","59","Female","adminToCreate","0123456789abcde","admin","adminScreenNameToCreate","Create player 59 years old by role 'supervisor' with gender 'Female' and role 'admin' and password '0123456789abcde'"],"tags":[]},{"name":"createPlayersPositive","uid":"fb74e948b1b84f88","parentUid":"77aebdb43deaf4aa9151c187d5608d7a","status":"failed","time":{"start":1747816652573,"stop":1747816652681,"duration":108},"flaky":false,"newFailed":false,"newPassed":false,"newBroken":false,"retriesCount":0,"retriesStatusChange":false,"parameters":["PTC1.3","adminCreator","20","female","adminToCreateByAdmin","0123456789ABCDE","admin","adminScreenNameToCreateByAdmin","Create player 20 years old by role 'admin' with gender 'female' and role 'admin' and password '0123456789ABCDE'"],"tags":[]},{"name":"createPlayersPositive","uid":"377ba17a1b43f80e","parentUid":"77aebdb43deaf4aa9151c187d5608d7a","status":"failed","time":{"start":1747816652684,"stop":1747816652784,"duration":100},"flaky":false,"newFailed":false,"newPassed":false,"newBroken":false,"retriesCount":0,"retriesStatusChange":false,"parameters":["PTC1.4","adminCreator","55","MALE","userToCreateByAdmin","abcde0123456789","user","userScreenNameToCreateByAdmin","Create player 55 years old by role 'admin' with gender 'MALE' and role user and password 'abcde0123456789'"],"tags":[]}],"uid":"77aebdb43deaf4aa9151c187d5608d7a"},{"name":"PlayerUpdateTest","children":[{"name":"updatePlayersPositive","uid":"c3e1b7b25414d5ca","parentUid":"ea433b9860007aca9533b6ae537326c9","status":"broken","time":{"start":1747816652166,"stop":1747816652265,"duration":99},"flaky":false,"newFailed":false,"newPassed":false,"newBroken":false,"retriesCount":0,"retriesStatusChange":false,"parameters":["PTC5.1","adminToUpdate","supervisor","59","male","adminUpdatedLogin","0123456789abcDE","admin","adminScreenNameUpdated","Update player with role 'admin' all fields max length or value by supervisor"],"tags":[]},{"name":"updatePlayersPositive","uid":"9642ee0773f63ce3","parentUid":"ea433b9860007aca9533b6ae537326c9","status":"broken","time":{"start":1747816652267,"stop":1747816652372,"duration":105},"flaky":false,"newFailed":false,"newPassed":false,"newBroken":false,"retriesCount":0,"retriesStatusChange":false,"parameters":["PTC5.2","userToUpdate","supervisor","17","female","userUpdatedLogin","012345cD","user","userScreenNameUpdated","Update player with role 'user' all fields min length or value by supervisor"],"tags":[]},{"name":"updatePlayersPositive","uid":"6ff232f1d10292f3","parentUid":"ea433b9860007aca9533b6ae537326c9","status":"failed","time":{"start":1747816652374,"stop":1747816652495,"duration":121},"flaky":false,"newFailed":false,"newPassed":false,"newBroken":false,"retriesCount":0,"retriesStatusChange":false,"parameters":["PTC5.3","adminToUpdate","adminToUpdate","59","female","adminUpdatedLogin","0123456789abcDE","admin","adminScreenNameUpdated","Update 'admin' himself"],"tags":[]},{"name":"updatePlayersPositive","uid":"491f94b124c3e9af","parentUid":"ea433b9860007aca9533b6ae537326c9","status":"failed","time":{"start":1747816652497,"stop":1747816652592,"duration":95},"flaky":false,"newFailed":false,"newPassed":false,"newBroken":false,"retriesCount":0,"retriesStatusChange":false,"parameters":["PTC5.4","userToUpdate","adminEditor","59","female","userUpdatedLogin","0123456789abcDE","user","userScreenNameUpdated","Update 'user' by 'admin'"],"tags":[]},{"name":"updatePlayersPositive","uid":"846989f641e23fc6","parentUid":"ea433b9860007aca9533b6ae537326c9","status":"failed","time":{"start":1747816652594,"stop":1747816652681,"duration":87},"flaky":false,"newFailed":false,"newPassed":false,"newBroken":false,"retriesCount":0,"retriesStatusChange":false,"parameters":["PTC5.5","userToUpdate","userToUpdate","59","male","userUpdatedLogin","0123456789abcDE","user","userScreenNameUpdated","Update 'user' himself"],"tags":[]}],"uid":"ea433b9860007aca9533b6ae537326c9"},{"name":"PlayerGetAllTest","children":[{"name":"getAllPlayers","uid":"bd376f25b03367b0","parentUid":"51a70cf0c9c2ae350a7abdb84161cb7d","status":"passed","time":{"start":1747816652373,"stop":1747816652486,"duration":113},"flaky":false,"newFailed":false,"newPassed":false,"newBroken":false,"retriesCount":0,"retriesStatusChange":false,"parameters":[],"tags":[]}],"uid":"51a70cf0c9c2ae350a7abdb84161cb7d"}],"uid":"d8a89d39c2b9fa57aef4b194e7b017da"},{"name":"negative","children":[{"name":"PlayerDeleteTest","children":[{"name":"deleteNegative","uid":"d6a1875b0d788d74","parentUid":"9ab14ef2ffa4e5499b495dddc70ac503","status":"passed","time":{"start":1747816652487,"stop":1747816652576,"duration":89},"flaky":false,"newFailed":false,"newPassed":false,"newBroken":false,"retriesCount":0,"retriesStatusChange":false,"parameters":["NTC2.6","adminToDelete","adminEditor","403","Delete player with role 'admin' by different 'admin'"],"tags":[]},{"name":"deleteNegative","uid":"9517ed4ced8ea42","parentUid":"9ab14ef2ffa4e5499b495dddc70ac503","status":"passed","time":{"start":1747816652577,"stop":1747816652679,"duration":102},"flaky":false,"newFailed":false,"newPassed":false,"newBroken":false,"retriesCount":0,"retriesStatusChange":false,"parameters":["NTC2.7","userToDelete","userEditor","403","Delete player with role 'user' by different 'user'"],"tags":[]},{"name":"deleteNegative","uid":"fe03569906ccf0e3","parentUid":"9ab14ef2ffa4e5499b495dddc70ac503","status":"passed","time":{"start":1747816652681,"stop":1747816652784,"duration":103},"flaky":false,"newFailed":false,"newPassed":false,"newBroken":false,"retriesCount":0,"retriesStatusChange":false,"parameters":["NTC2.8","userToDelete","userToDelete","403","Delete player himself as 'user'"],"tags":[]},{"name":"deleteNegative","uid":"aa51e911021bc9da","parentUid":"9ab14ef2ffa4e5499b495dddc70ac503","status":"passed","time":{"start":1747816652785,"stop":1747816652889,"duration":104},"flaky":false,"newFailed":false,"newPassed":false,"newBroken":false,"retriesCount":0,"retriesStatusChange":false,"parameters":["NTC2.10","adminToDelete","random","403","Delete player with not existed editor"],"tags":[]}],"uid":"9ab14ef2ffa4e5499b495dddc70ac503"},{"name":"PlayerTest","children":[{"name":"getNotExistedPlayer","uid":"b7fdef6c29da581b","parentUid":"263e222bba50b425ab56e102ea437817","status":"failed","time":{"start":1747816652683,"stop":1747816652784,"duration":101},"flaky":false,"newFailed":false,"newPassed":false,"newBroken":false,"retriesCount":0,"retriesStatusChange":false,"parameters":[],"tags":[]}],"uid":"263e222bba50b425ab56e102ea437817"},{"name":"PlayerUpdateTest","children":[{"name":"updateNegative","uid":"fc808bb389bd93fe","parentUid":"bfadda6b8d6a44d93afd01b14b2a8d08","status":"failed","time":{"start":1747816652786,"stop":1747816652889,"duration":103},"flaky":false,"newFailed":false,"newPassed":false,"newBroken":false,"retriesCount":0,"retriesStatusChange":false,"parameters":["NTC5.8","tooYoung","Update player with age 16","supervisor","16","male","adminUpdatedLogin","0123456789abcDE","admin","adminScreenNameUpdated","400"],"tags":[]},{"name":"updateNegative","uid":"6f1d77e2e0ccea7e","parentUid":"bfadda6b8d6a44d93afd01b14b2a8d08","status":"failed","time":{"start":1747816652890,"stop":1747816652983,"duration":93},"flaky":false,"newFailed":false,"newPassed":false,"newBroken":false,"retriesCount":0,"retriesStatusChange":false,"parameters":["NTC5.9","tooOld","Update player with age 60","supervisor","60","male","adminUpdatedLogin","0123456789abcDE","admin","adminScreenNameUpdated","400"],"tags":[]},{"name":"updateNegative","uid":"ae75a251cb2b1b23","parentUid":"bfadda6b8d6a44d93afd01b14b2a8d08","status":"failed","time":{"start":1747816652984,"stop":1747816653083,"duration":99},"flaky":false,"newFailed":false,"newPassed":false,"newBroken":false,"retriesCount":0,"retriesStatusChange":false,"parameters":["NTC5.11","wrongGender","Update player with wrong gender","supervisor","59","wrong","adminUpdatedLogin","0123456789abcDE","admin","adminScreenNameUpdated","400"],"tags":[]},{"name":"updateNegative","uid":"5b03a3246ee1a855","parentUid":"bfadda6b8d6a44d93afd01b14b2a8d08","status":"passed","time":{"start":1747816653084,"stop":1747816653176,"duration":92},"flaky":false,"newFailed":false,"newPassed":false,"newBroken":false,"retriesCount":0,"retriesStatusChange":false,"parameters":["NTC5.17","userToUpdate","Update player with role 'user' by another 'user'","userEditor","59","male","userUpdatedLogin","0123456789abcDE","user","userScreenNameUpdated","403"],"tags":[]},{"name":"updateNegative","uid":"62e7e3b53853f0cc","parentUid":"bfadda6b8d6a44d93afd01b14b2a8d08","status":"failed","time":{"start":1747816653182,"stop":1747816653268,"duration":86},"flaky":false,"newFailed":false,"newPassed":false,"newBroken":false,"retriesCount":0,"retriesStatusChange":false,"parameters":["NTC5.18","adminToUpdate","Update player with role 'admin' by another 'admin'","adminEditor","59","male","adminUpdatedLogin","0123456789abcDE","admin","adminScreenNameUpdated","403"],"tags":[]},{"name":"updateNegative","uid":"4ebceb47d9344e4f","parentUid":"bfadda6b8d6a44d93afd01b14b2a8d08","status":"passed","time":{"start":1747816653270,"stop":1747816653351,"duration":81},"flaky":false,"newFailed":false,"newPassed":false,"newBroken":false,"retriesCount":0,"retriesStatusChange":false,"parameters":["NTC5.19","supervisor","Update player with role 'supervisor' by 'admin'","adminEditor","59","male","supervisorUpdatedLogin","0123456789abcDE","supervisor","supervisorUpdatedScreenName","403"],"tags":[]},{"name":"updateNegative","uid":"ab1886fc146cf826","parentUid":"bfadda6b8d6a44d93afd01b14b2a8d08","status":"passed","time":{"start":1747816653352,"stop":1747816653436,"duration":84},"flaky":false,"newFailed":false,"newPassed":false,"newBroken":false,"retriesCount":0,"retriesStatusChange":false,"parameters":["NTC5.20","supervisor","Update player with role 'supervisor' by 'user'","userEditor","59","male","supervisorUpdatedLogin","0123456789abcDE","supervisor","supervisorUpdatedScreenName","403"],"tags":[]},{"name":"updateNegative","uid":"ca57f0ff9f23ba51","parentUid":"bfadda6b8d6a44d93afd01b14b2a8d08","status":"failed","time":{"start":1747816653437,"stop":1747816653519,"duration":82},"flaky":false,"newFailed":false,"newPassed":false,"newBroken":false,"retriesCount":0,"retriesStatusChange":false,"parameters":["NTC5.21","smallPassword","Update player with minimum password length (6 characters)","supervisor","59","male","adminUpdatedLogin","12345s","admin","adminScreenNameUpdated","400"],"tags":[]},{"name":"updateNegative","uid":"7fdc2b441baa739e","parentUid":"bfadda6b8d6a44d93afd01b14b2a8d08","status":"failed","time":{"start":1747816653520,"stop":1747816653602,"duration":82},"flaky":false,"newFailed":false,"newPassed":false,"newBroken":false,"retriesCount":0,"retriesStatusChange":false,"parameters":["NTC5.22","longPassword","Update player with password length (16 characters)","supervisor","59","male","adminUpdatedLogin","0123456789abcDEF","admin","adminScreenNameUpdated","400"],"tags":[]}],"uid":"bfadda6b8d6a44d93afd01b14b2a8d08"},{"name":"PlayerCreateTest","children":[{"name":"createNegative","uid":"2fb5812701f22c15","parentUid":"ddf9336d0cc1369231e0ce88081629ea","status":"passed","time":{"start":1747816652786,"stop":1747816652889,"duration":103},"flaky":false,"newFailed":false,"newPassed":false,"newBroken":false,"retriesCount":0,"retriesStatusChange":false,"parameters":["NTC1.6","random","17","male","createdByNotExistedEditorLogin","019azAZ","user","createdByNotExistedEditorScreenName","403","Not existed editor"],"tags":[]},{"name":"createNegative","uid":"1952a6b548cc3913","parentUid":"ddf9336d0cc1369231e0ce88081629ea","status":"passed","time":{"start":1747816652890,"stop":1747816652981,"duration":91},"flaky":false,"newFailed":false,"newPassed":false,"newBroken":false,"retriesCount":0,"retriesStatusChange":false,"parameters":["NTC1.7","userEditor","17","male","createdByUserLogin","019azAZ","user","createdByUserScreenName","403","editor with role 'user'"],"tags":[]},{"name":"createNegative","uid":"80a6d51701bacf9e","parentUid":"ddf9336d0cc1369231e0ce88081629ea","status":"passed","time":{"start":1747816652982,"stop":1747816653083,"duration":101},"flaky":false,"newFailed":false,"newPassed":false,"newBroken":false,"retriesCount":0,"retriesStatusChange":false,"parameters":["NTC1.8","supervisor","16","male","userToCreate","019azAZ","user","userScreenNameToCreate","400","Create player with age 16 years old"],"tags":[]},{"name":"createNegative","uid":"2497cff5e4425496","parentUid":"ddf9336d0cc1369231e0ce88081629ea","status":"failed","time":{"start":1747816653084,"stop":1747816653174,"duration":90},"flaky":false,"newFailed":false,"newPassed":false,"newBroken":false,"retriesCount":0,"retriesStatusChange":false,"parameters":["NTC1.9","supervisor","60","male","userToCreate","019azAZ","user","userScreenNameToCreate","400","Create player with age 60 years old"],"tags":[]},{"name":"createNegative","uid":"f55bd353957e2341","parentUid":"ddf9336d0cc1369231e0ce88081629ea","status":"failed","time":{"start":1747816653180,"stop":1747816653260,"duration":80},"flaky":false,"newFailed":false,"newPassed":false,"newBroken":false,"retriesCount":0,"retriesStatusChange":false,"parameters":["NTC1.26","supervisor","17","wrong","userToCreate","019azAZ","user","userScreenNameToCreate","400","Create player with gender 'wrong'"],"tags":[]},{"name":"createNegative","uid":"49147d3408bfbf0b","parentUid":"ddf9336d0cc1369231e0ce88081629ea","status":"failed","time":{"start":1747816653261,"stop":1747816653343,"duration":82},"flaky":false,"newFailed":false,"newPassed":false,"newBroken":false,"retriesCount":0,"retriesStatusChange":false,"parameters":["NTC1.30","supervisor","17","male","userToCreate","12345678","user","userScreenNameToCreate","400","Create player with password with only digits"],"tags":[]},{"name":"createNegative","uid":"7f9610b2a75bc232","parentUid":"ddf9336d0cc1369231e0ce88081629ea","status":"failed","time":{"start":1747816653344,"stop":1747816653426,"duration":82},"flaky":false,"newFailed":false,"newPassed":false,"newBroken":false,"retriesCount":0,"retriesStatusChange":false,"parameters":["NTC1.31","supervisor","17","male","userToCreate","abcdEFGhi","user","userScreenNameToCreate","400","Create player with password with only letters"],"tags":[]},{"name":"createNegative","uid":"72fa0ce16611a4d4","parentUid":"ddf9336d0cc1369231e0ce88081629ea","status":"failed","time":{"start":1747816653428,"stop":1747816653512,"duration":84},"flaky":false,"newFailed":false,"newPassed":false,"newBroken":false,"retriesCount":0,"retriesStatusChange":false,"parameters":["NTC1.32","supervisor","17","male","userToCreate","()!@#$%.&*+;%:?","user","userScreenNameToCreate","400","Create player with password with not allowed characters ()!@#$%.&*+;%:?"],"tags":[]},{"name":"createNegative","uid":"c283647d9d757566","parentUid":"ddf9336d0cc1369231e0ce88081629ea","status":"failed","time":{"start":1747816653513,"stop":1747816653602,"duration":89},"flaky":false,"newFailed":false,"newPassed":false,"newBroken":false,"retriesCount":0,"retriesStatusChange":false,"parameters":["NTC1.35","supervisor","17","male","userToCreate","019azA","user","userScreenNameToCreate","400","Create player with password 6 characters long"],"tags":[]},{"name":"createNegative","uid":"707f0c910a420b5f","parentUid":"ddf9336d0cc1369231e0ce88081629ea","status":"failed","time":{"start":1747816653603,"stop":1747816653686,"duration":83},"flaky":false,"newFailed":false,"newPassed":false,"newBroken":false,"retriesCount":0,"retriesStatusChange":false,"parameters":["NTC1.36","supervisor","17","male","userToCreate","0123456789abcdef","user","userScreenNameToCreate","400","Create player with password 16 characters long"],"tags":[]},{"name":"createNegative","uid":"3921c2d11e03ff22","parentUid":"ddf9336d0cc1369231e0ce88081629ea","status":"passed","time":{"start":1747816653687,"stop":1747816653769,"duration":82},"flaky":false,"newFailed":false,"newPassed":false,"newBroken":false,"retriesCount":0,"retriesStatusChange":false,"parameters":["NTC1.37","supervisor","17","male","userToCreate","019azAZ","supervisor","userScreenNameToCreate","400","Create player with role supervisor"],"tags":[]},{"name":"createNegative","uid":"1c2c3c054be83b7c","parentUid":"ddf9336d0cc1369231e0ce88081629ea","status":"passed","time":{"start":1747816653770,"stop":1747816653864,"duration":94},"flaky":false,"newFailed":false,"newPassed":false,"newBroken":false,"retriesCount":0,"retriesStatusChange":false,"parameters":["NTC1.38","supervisor","17","male","userToCreate","019azAZ","wrong","userScreenNameToCreate","400","Create player with role wrong"],"tags":[]}],"uid":"ddf9336d0cc1369231e0ce88081629ea"}],"uid":"3eb02c0773e47154d6d21b5a542464ec"}],"uid":"5af1ccfe6d3543ef6714c60cfe950a90"}],"uid":"bf49149a3821e34f7608bb6885d52868"}]}