{"uid":"98d3104e051c652961429bf95fa0b5d6","name":"suites","children":[{"name":"BaseSuite","children":[{"name":"TestDataPreparation","children":[{"name":"preparation.TestDataPreparationTest","children":[{"name":"GET /player/create/{editor}?age={age}&gender={gender}&login={login}&password={password}&role={role}&screenName={screenName}","uid":"ffad476b7cd0369a","parentUid":"90fc6f421c9b4c668d737f86bc36f2ea","status":"passed","time":{"start":1747816648109,"stop":1747816648221,"duration":112},"flaky":false,"newFailed":false,"newPassed":false,"newBroken":false,"retriesCount":0,"retriesStatusChange":false,"parameters":["PTC1.3","adminCreator","18","female","AdminCreatorLogin","password123","admin","AdminCreatorName"],"tags":[]},{"name":"GET /player/create/{editor}?age={age}&gender={gender}&login={login}&password={password}&role={role}&screenName={screenName}","uid":"a9f0ecabfdbf5f3a","parentUid":"90fc6f421c9b4c668d737f86bc36f2ea","status":"passed","time":{"start":1747816648257,"stop":1747816648347,"duration":90},"flaky":false,"newFailed":false,"newPassed":false,"newBroken":false,"retriesCount":0,"retriesStatusChange":false,"parameters":["PTC1.4","adminCreator","18","male","AdminCreatorLogin","password123","admin","AdminCreatorName"],"tags":[]},{"name":"GET /player/create/{editor}?age={age}&gender={gender}&login={login}&password={password}&role={role}&screenName={screenName}","uid":"7597feea10e7288b","parentUid":"90fc6f421c9b4c668d737f86bc36f2ea","status":"passed","time":{"start":1747816648350,"stop":1747816648438,"duration":88},"flaky":false,"newFailed":false,"newPassed":false,"newBroken":false,"retriesCount":0,"retriesStatusChange":false,"parameters":["NTC1.7","userEditor","17","male","userEditorLogin","019azAZ","user","userEditorScreenName"],"tags":[]},{"name":"GET /player/create/{editor}?age={age}&gender={gender}&login={login}&password={password}&role={role}&screenName={screenName}","uid":"edc28bb321b5c27f","parentUid":"90fc6f421c9b4c668d737f86bc36f2ea","status":"passed","time":{"start":1747816648440,"stop":1747816648526,"duration":86},"flaky":false,"newFailed":false,"newPassed":false,"newBroken":false,"retriesCount":0,"retriesStatusChange":false,"parameters":["PTC2.1","userToDelete","18","male","UserLogin","password123","user","UserName"],"tags":[]},{"name":"GET /player/create/{editor}?age={age}&gender={gender}&login={login}&password={password}&role={role}&screenName={screenName}","uid":"11a8da4dd541a423","parentUid":"90fc6f421c9b4c668d737f86bc36f2ea","status":"passed","time":{"start":1747816648527,"stop":1747816648613,"duration":86},"flaky":false,"newFailed":false,"newPassed":false,"newBroken":false,"retriesCount":0,"retriesStatusChange":false,"parameters":["PTC2.2","adminToDelete","18","female","AdminLogin","password123","admin","AdminName"],"tags":[]},{"name":"GET /player/create/{editor}?age={age}&gender={gender}&login={login}&password={password}&role={role}&screenName={screenName}","uid":"8bcdbd1303584e8c","parentUid":"90fc6f421c9b4c668d737f86bc36f2ea","status":"passed","time":{"start":1747816648614,"stop":1747816648697,"duration":83},"flaky":false,"newFailed":false,"newPassed":false,"newBroken":false,"retriesCount":0,"retriesStatusChange":false,"parameters":["PTC2.3","userToDeleteByAdmin","18","male","UserLogin","password123","user","UserName"],"tags":[]},{"name":"GET /player/create/{editor}?age={age}&gender={gender}&login={login}&password={password}&role={role}&screenName={screenName}","uid":"62b6610bbf6e9071","parentUid":"90fc6f421c9b4c668d737f86bc36f2ea","status":"passed","time":{"start":1747816648698,"stop":1747816648786,"duration":88},"flaky":false,"newFailed":false,"newPassed":false,"newBroken":false,"retriesCount":0,"retriesStatusChange":false,"parameters":["PTC2.3","adminEditor","18","female","AdminLogin","password123","admin","AdminName"],"tags":[]},{"name":"GET /player/create/{editor}?age={age}&gender={gender}&login={login}&password={password}&role={role}&screenName={screenName}","uid":"148b4dbf62259613","parentUid":"90fc6f421c9b4c668d737f86bc36f2ea","status":"passed","time":{"start":1747816648788,"stop":1747816648874,"duration":86},"flaky":false,"newFailed":false,"newPassed":false,"newBroken":false,"retriesCount":0,"retriesStatusChange":false,"parameters":["PTC2.4","adminToDeleteHimself","18","male","AdminLogin","password123","admin","AdminName"],"tags":[]},{"name":"GET /player/create/{editor}?age={age}&gender={gender}&login={login}&password={password}&role={role}&screenName={screenName}","uid":"44aa9e48ba52452f","parentUid":"90fc6f421c9b4c668d737f86bc36f2ea","status":"passed","time":{"start":1747816648876,"stop":1747816648964,"duration":88},"flaky":false,"newFailed":false,"newPassed":false,"newBroken":false,"retriesCount":0,"retriesStatusChange":false,"parameters":["NTC2.6","adminToDelete","18","male","AdminLogin","password123","admin","AdminName"],"tags":[]},{"name":"GET /player/create/{editor}?age={age}&gender={gender}&login={login}&password={password}&role={role}&screenName={screenName}","uid":"5880a48444ca0d40","parentUid":"90fc6f421c9b4c668d737f86bc36f2ea","status":"passed","time":{"start":1747816648966,"stop":1747816649051,"duration":85},"flaky":false,"newFailed":false,"newPassed":false,"newBroken":false,"retriesCount":0,"retriesStatusChange":false,"parameters":["NTC2.6","adminEditor","18","female","AdminEditorLogin","password123","admin","AdminEditorName"],"tags":[]},{"name":"GET /player/create/{editor}?age={age}&gender={gender}&login={login}&password={password}&role={role}&screenName={screenName}","uid":"587652410b13e348","parentUid":"90fc6f421c9b4c668d737f86bc36f2ea","status":"passed","time":{"start":1747816649053,"stop":1747816649137,"duration":84},"flaky":false,"newFailed":false,"newPassed":false,"newBroken":false,"retriesCount":0,"retriesStatusChange":false,"parameters":["NTC2.7","userToDelete","18","female","UserLogin","password123","user","UserName"],"tags":[]},{"name":"GET /player/create/{editor}?age={age}&gender={gender}&login={login}&password={password}&role={role}&screenName={screenName}","uid":"43086011ae491321","parentUid":"90fc6f421c9b4c668d737f86bc36f2ea","status":"passed","time":{"start":1747816649138,"stop":1747816649223,"duration":85},"flaky":false,"newFailed":false,"newPassed":false,"newBroken":false,"retriesCount":0,"retriesStatusChange":false,"parameters":["NTC2.7","userEditor","18","male","UserEditorLogin","password123","user","UserEditorName"],"tags":[]},{"name":"GET /player/create/{editor}?age={age}&gender={gender}&login={login}&password={password}&role={role}&screenName={screenName}","uid":"940685768e61c8db","parentUid":"90fc6f421c9b4c668d737f86bc36f2ea","status":"passed","time":{"start":1747816649224,"stop":1747816649309,"duration":85},"flaky":false,"newFailed":false,"newPassed":false,"newBroken":false,"retriesCount":0,"retriesStatusChange":false,"parameters":["NTC2.8","userToDelete","18","male","UserLogin","password123","user","UserName"],"tags":[]},{"name":"GET /player/create/{editor}?age={age}&gender={gender}&login={login}&password={password}&role={role}&screenName={screenName}","uid":"1b2bd40a754824d6","parentUid":"90fc6f421c9b4c668d737f86bc36f2ea","status":"passed","time":{"start":1747816649310,"stop":1747816649397,"duration":87},"flaky":false,"newFailed":false,"newPassed":false,"newBroken":false,"retriesCount":0,"retriesStatusChange":false,"parameters":["NTC2.10","adminToDelete","18","male","AdminLogin","password123","admin","AdminName"],"tags":[]},{"name":"GET /player/create/{editor}?age={age}&gender={gender}&login={login}&password={password}&role={role}&screenName={screenName}","uid":"526535b1e888f189","parentUid":"90fc6f421c9b4c668d737f86bc36f2ea","status":"passed","time":{"start":1747816649398,"stop":1747816649487,"duration":89},"flaky":false,"newFailed":false,"newPassed":false,"newBroken":false,"retriesCount":0,"retriesStatusChange":false,"parameters":["PTC3.1","userById","17","male","userToGetById","019azAZ","user","userScreenNameToGetById"],"tags":[]},{"name":"GET /player/create/{editor}?age={age}&gender={gender}&login={login}&password={password}&role={role}&screenName={screenName}","uid":"9ae642741f578b66","parentUid":"90fc6f421c9b4c668d737f86bc36f2ea","status":"passed","time":{"start":1747816649489,"stop":1747816649634,"duration":145},"flaky":false,"newFailed":false,"newPassed":false,"newBroken":false,"retriesCount":0,"retriesStatusChange":false,"parameters":["PTC5.1","adminToUpdate","17","male","adminToUpdateLogin","abcdef1","admin","adminScreenNameToUpdate"],"tags":[]},{"name":"GET /player/create/{editor}?age={age}&gender={gender}&login={login}&password={password}&role={role}&screenName={screenName}","uid":"51352a71b7dd458c","parentUid":"90fc6f421c9b4c668d737f86bc36f2ea","status":"passed","time":{"start":1747816649637,"stop":1747816649925,"duration":288},"flaky":false,"newFailed":false,"newPassed":false,"newBroken":false,"retriesCount":0,"retriesStatusChange":false,"parameters":["PTC5.2","userToUpdate","59","female","userToUpdateLogin","0123456789abcDE","user","userScreenNameToUpdate"],"tags":[]},{"name":"GET /player/create/{editor}?age={age}&gender={gender}&login={login}&password={password}&role={role}&screenName={screenName}","uid":"86f753b7774f48c4","parentUid":"90fc6f421c9b4c668d737f86bc36f2ea","status":"passed","time":{"start":1747816649926,"stop":1747816650131,"duration":205},"flaky":false,"newFailed":false,"newPassed":false,"newBroken":false,"retriesCount":0,"retriesStatusChange":false,"parameters":["PTC5.3","adminToUpdate","20","female","adminToUpdateLogin","0123456789abcDE","admin","adminScreenNameToUpdate"],"tags":[]},{"name":"GET /player/create/{editor}?age={age}&gender={gender}&login={login}&password={password}&role={role}&screenName={screenName}","uid":"ffea2869682a4c79","parentUid":"90fc6f421c9b4c668d737f86bc36f2ea","status":"passed","time":{"start":1747816650132,"stop":1747816650224,"duration":92},"flaky":false,"newFailed":false,"newPassed":false,"newBroken":false,"retriesCount":0,"retriesStatusChange":false,"parameters":["PTC5.4","userToUpdate","33","female","userToUpdateLogin","0123456789abcDE","user","userScreenNameToUpdate"],"tags":[]},{"name":"GET /player/create/{editor}?age={age}&gender={gender}&login={login}&password={password}&role={role}&screenName={screenName}","uid":"b3b82a5986e7af7a","parentUid":"90fc6f421c9b4c668d737f86bc36f2ea","status":"passed","time":{"start":1747816650225,"stop":1747816650306,"duration":81},"flaky":false,"newFailed":false,"newPassed":false,"newBroken":false,"retriesCount":0,"retriesStatusChange":false,"parameters":["PTC5.4","adminEditor","50","female","adminEditorLogin","0123456789abcDE","admin","adminScreenNameEditor"],"tags":[]},{"name":"GET /player/create/{editor}?age={age}&gender={gender}&login={login}&password={password}&role={role}&screenName={screenName}","uid":"c7e023707f21370f","parentUid":"90fc6f421c9b4c668d737f86bc36f2ea","status":"passed","time":{"start":1747816650307,"stop":1747816650390,"duration":83},"flaky":false,"newFailed":false,"newPassed":false,"newBroken":false,"retriesCount":0,"retriesStatusChange":false,"parameters":["PTC5.5","userToUpdate","17","male","userToUpdateLogin","0123456789abcDE","user","userScreenNameToUpdate"],"tags":[]},{"name":"GET /player/create/{editor}?age={age}&gender={gender}&login={login}&password={password}&role={role}&screenName={screenName}","uid":"9671cbe536ab4954","parentUid":"90fc6f421c9b4c668d737f86bc36f2ea","status":"passed","time":{"start":1747816650391,"stop":1747816650475,"duration":84},"flaky":false,"newFailed":false,"newPassed":false,"newBroken":false,"retriesCount":0,"retriesStatusChange":false,"parameters":["NTC5.8","tooYoung","17","male","adminToUpdateLogin","abcdef1","admin","adminToUpdateScreenName"],"tags":[]},{"name":"GET /player/create/{editor}?age={age}&gender={gender}&login={login}&password={password}&role={role}&screenName={screenName}","uid":"c4cba700edff82fe","parentUid":"90fc6f421c9b4c668d737f86bc36f2ea","status":"passed","time":{"start":1747816650476,"stop":1747816650560,"duration":84},"flaky":false,"newFailed":false,"newPassed":false,"newBroken":false,"retriesCount":0,"retriesStatusChange":false,"parameters":["NTC5.9","tooOld","17","male","adminToUpdateLogin","abcdef1","admin","adminToUpdateScreenName"],"tags":[]},{"name":"GET /player/create/{editor}?age={age}&gender={gender}&login={login}&password={password}&role={role}&screenName={screenName}","uid":"2defe596ed277d63","parentUid":"90fc6f421c9b4c668d737f86bc36f2ea","status":"passed","time":{"start":1747816650561,"stop":1747816650643,"duration":82},"flaky":false,"newFailed":false,"newPassed":false,"newBroken":false,"retriesCount":0,"retriesStatusChange":false,"parameters":["NTC5.11","wrongGender","54","male","adminToUpdateLogin","abcdef1","admin","adminToUpdateScreenName"],"tags":[]},{"name":"GET /player/create/{editor}?age={age}&gender={gender}&login={login}&password={password}&role={role}&screenName={screenName}","uid":"34533724f400d7d3","parentUid":"90fc6f421c9b4c668d737f86bc36f2ea","status":"passed","time":{"start":1747816650644,"stop":1747816650726,"duration":82},"flaky":false,"newFailed":false,"newPassed":false,"newBroken":false,"retriesCount":0,"retriesStatusChange":false,"parameters":["NTC5.17","userToUpdate","43","male","userToUpdateLogin","abcdef1","user","userToUpdateScreenName"],"tags":[]},{"name":"GET /player/create/{editor}?age={age}&gender={gender}&login={login}&password={password}&role={role}&screenName={screenName}","uid":"7c81cf32ead51781","parentUid":"90fc6f421c9b4c668d737f86bc36f2ea","status":"passed","time":{"start":1747816650727,"stop":1747816650812,"duration":85},"flaky":false,"newFailed":false,"newPassed":false,"newBroken":false,"retriesCount":0,"retriesStatusChange":false,"parameters":["NTC5.17","userEditor","33","male","userLogin","abcdef1","user","userScreenName"],"tags":[]},{"name":"GET /player/create/{editor}?age={age}&gender={gender}&login={login}&password={password}&role={role}&screenName={screenName}","uid":"1cc9ecfa073c4700","parentUid":"90fc6f421c9b4c668d737f86bc36f2ea","status":"passed","time":{"start":1747816650814,"stop":1747816650896,"duration":82},"flaky":false,"newFailed":false,"newPassed":false,"newBroken":false,"retriesCount":0,"retriesStatusChange":false,"parameters":["NTC5.18","adminToUpdate","22","male","adminToUpdateLogin","abcdef1","admin","adminToUpdateScreenName"],"tags":[]},{"name":"GET /player/create/{editor}?age={age}&gender={gender}&login={login}&password={password}&role={role}&screenName={screenName}","uid":"9ec2f2374df3d904","parentUid":"90fc6f421c9b4c668d737f86bc36f2ea","status":"passed","time":{"start":1747816650897,"stop":1747816650979,"duration":82},"flaky":false,"newFailed":false,"newPassed":false,"newBroken":false,"retriesCount":0,"retriesStatusChange":false,"parameters":["NTC5.18","adminEditor","44","male","adminLogin","abcdef1","admin","adminScreenName"],"tags":[]},{"name":"GET /player/create/{editor}?age={age}&gender={gender}&login={login}&password={password}&role={role}&screenName={screenName}","uid":"6acb3dc1c8f99075","parentUid":"90fc6f421c9b4c668d737f86bc36f2ea","status":"passed","time":{"start":1747816650981,"stop":1747816651063,"duration":82},"flaky":false,"newFailed":false,"newPassed":false,"newBroken":false,"retriesCount":0,"retriesStatusChange":false,"parameters":["NTC5.19","adminEditor","55","male","adminLogin","abcdef1","admin","adminScreenName"],"tags":[]},{"name":"GET /player/create/{editor}?age={age}&gender={gender}&login={login}&password={password}&role={role}&screenName={screenName}","uid":"a8e1a7242f8bfac6","parentUid":"90fc6f421c9b4c668d737f86bc36f2ea","status":"passed","time":{"start":1747816651064,"stop":1747816651144,"duration":80},"flaky":false,"newFailed":false,"newPassed":false,"newBroken":false,"retriesCount":0,"retriesStatusChange":false,"parameters":["NTC5.20","userEditor","44","male","userLogin","abcdef1","user","userScreenName"],"tags":[]},{"name":"GET /player/create/{editor}?age={age}&gender={gender}&login={login}&password={password}&role={role}&screenName={screenName}","uid":"1f26962088ac46f3","parentUid":"90fc6f421c9b4c668d737f86bc36f2ea","status":"passed","time":{"start":1747816651145,"stop":1747816651230,"duration":85},"flaky":false,"newFailed":false,"newPassed":false,"newBroken":false,"retriesCount":0,"retriesStatusChange":false,"parameters":["NTC5.21","smallPassword","22","male","adminToUpdateLogin","abcdef1","admin","adminToUpdateScreenName"],"tags":[]},{"name":"GET /player/create/{editor}?age={age}&gender={gender}&login={login}&password={password}&role={role}&screenName={screenName}","uid":"b2fb58cdb7ef8536","parentUid":"90fc6f421c9b4c668d737f86bc36f2ea","status":"passed","time":{"start":1747816651231,"stop":1747816651313,"duration":82},"flaky":false,"newFailed":false,"newPassed":false,"newBroken":false,"retriesCount":0,"retriesStatusChange":false,"parameters":["NTC5.22","longPassword","33","male","adminToUpdateLogin","abcdef1","admin","adminToUpdateScreenName"],"tags":[]}],"uid":"90fc6f421c9b4c668d737f86bc36f2ea"}],"uid":"0f594051988abdb1ec6d386778bdb52c"},{"name":"MainTests","children":[{"name":"tests.smoke.PlayerCreateTest","children":[{"name":"GET /player/create/{editor}?age={age}&gender={gender}&login={login}&password={password}&role={role}&screenName={screenName}","uid":"ae022ea6e9fc8612","parentUid":"f68f30dc18f835b883f316995a17c5b4","status":"failed","time":{"start":1747816651332,"stop":1747816651487,"duration":155},"flaky":false,"newFailed":false,"newPassed":false,"newBroken":false,"retriesCount":0,"retriesStatusChange":false,"parameters":[],"tags":[]}],"uid":"f68f30dc18f835b883f316995a17c5b4"},{"name":"tests.smoke.PlayerGetTest","children":[{"name":"POST /player/get","uid":"2b3c444105947997","parentUid":"ed5afc1b4c35f5af95669a60edfad8d6","status":"passed","time":{"start":1747816651465,"stop":1747816651570,"duration":105},"flaky":false,"newFailed":false,"newPassed":false,"newBroken":false,"retriesCount":0,"retriesStatusChange":false,"parameters":[],"tags":[]}],"uid":"ed5afc1b4c35f5af95669a60edfad8d6"},{"name":"tests.smoke.PlayerDeleteTest","children":[{"name":"DELETE /player/delete/{editor}","uid":"a81668f389883a67","parentUid":"719b3620d9ef8497c6f0df3c714dec11","status":"passed","time":{"start":1747816651473,"stop":1747816651634,"duration":161},"flaky":false,"newFailed":false,"newPassed":false,"newBroken":false,"retriesCount":0,"retriesStatusChange":false,"parameters":[],"tags":[]}],"uid":"719b3620d9ef8497c6f0df3c714dec11"},{"name":"tests.smoke.PlayerGetAllTest","children":[{"name":"GET /player/get/all","uid":"746f4772d4e8541c","parentUid":"46e5f0c46b61135919c08cddd7bfb47f","status":"passed","time":{"start":1747816651641,"stop":1747816651790,"duration":149},"flaky":false,"newFailed":false,"newPassed":false,"newBroken":false,"retriesCount":0,"retriesStatusChange":false,"parameters":[],"tags":[]}],"uid":"46e5f0c46b61135919c08cddd7bfb47f"},{"name":"tests.e2e.E2ETest","children":[{"name":"Check all endpoints together","uid":"dd1e9e46d06c1837","parentUid":"cb964676eb5130e5bf9c301c0b2cb266","status":"passed","time":{"start":1747816651705,"stop":1747816652265,"duration":560},"flaky":false,"newFailed":false,"newPassed":false,"newBroken":false,"retriesCount":0,"retriesStatusChange":false,"parameters":[],"tags":[]}],"uid":"cb964676eb5130e5bf9c301c0b2cb266"},{"name":"tests.smoke.PlayerUpdateTest","children":[{"name":"PATCH /player/get/{editor}/{id}","uid":"a021ca7783f9b31","parentUid":"4f4639856db23f03d9777e4981e2283c","status":"failed","time":{"start":1747816651781,"stop":1747816651979,"duration":198},"flaky":false,"newFailed":false,"newPassed":false,"newBroken":false,"retriesCount":0,"retriesStatusChange":false,"parameters":[],"tags":[]}],"uid":"4f4639856db23f03d9777e4981e2283c"},{"name":"tests.functional.positive.PlayerDaleteTest","children":[{"name":"DELETE /player/delete/{editor}","uid":"9cfb9a18c9331d0b","parentUid":"f115d2ac459875eb0b9eb9e6ff76ec26","status":"failed","time":{"start":1747816651791,"stop":1747816651883,"duration":92},"flaky":false,"newFailed":false,"newPassed":false,"newBroken":false,"retriesCount":0,"retriesStatusChange":false,"parameters":["PTC2.1","userToDelete","supervisor","Delete player with 'user' role by 'supervisor'"],"tags":[]},{"name":"DELETE /player/delete/{editor}","uid":"48db31e1710f7352","parentUid":"f115d2ac459875eb0b9eb9e6ff76ec26","status":"failed","time":{"start":1747816651885,"stop":1747816651978,"duration":93},"flaky":false,"newFailed":false,"newPassed":false,"newBroken":false,"retriesCount":0,"retriesStatusChange":false,"parameters":["PTC2.2","adminToDelete","supervisor","Delete player with 'admin' role by 'supervisor'"],"tags":[]},{"name":"DELETE /player/delete/{editor}","uid":"b5c95cb9dde69355","parentUid":"f115d2ac459875eb0b9eb9e6ff76ec26","status":"failed","time":{"start":1747816651979,"stop":1747816652068,"duration":89},"flaky":false,"newFailed":false,"newPassed":false,"newBroken":false,"retriesCount":0,"retriesStatusChange":false,"parameters":["PTC2.3","userToDeleteByAdmin","adminEditor","Delete player with 'user' role by 'admin'"],"tags":[]},{"name":"DELETE /player/delete/{editor}","uid":"15a182d514d569f0","parentUid":"f115d2ac459875eb0b9eb9e6ff76ec26","status":"failed","time":{"start":1747816652070,"stop":1747816652163,"duration":93},"flaky":false,"newFailed":false,"newPassed":false,"newBroken":false,"retriesCount":0,"retriesStatusChange":false,"parameters":["PTC2.4","adminToDeleteHimself","adminToDeleteHimself","Delete player himself as 'admin'"],"tags":[]}],"uid":"f115d2ac459875eb0b9eb9e6ff76ec26"},{"name":"tests.functional.positive.PlayerGetTest","children":[{"name":"POST /player/get","uid":"93ffad6f7e2c7c87","parentUid":"e836317e4ad31a35605a999bde1e379b","status":"broken","time":{"start":1747816652067,"stop":1747816652164,"duration":97},"flaky":false,"newFailed":false,"newPassed":false,"newBroken":false,"retriesCount":0,"retriesStatusChange":false,"parameters":["PTC3.1","userById","17","male","userToGetById","019azAZ","user","userScreenNameToGetById","Get details by id of player 17 years old with gender 'male' and role 'user' and password '019azAZ'"],"tags":[]}],"uid":"e836317e4ad31a35605a999bde1e379b"},{"name":"tests.functional.positive.PlayerCreateTest","children":[{"name":"GET /player/create/{editor}?age={age}&gender={gender}&login={login}&password={password}&role={role}&screenName={screenName}","uid":"132a23ad85dab09","parentUid":"782fe573190ddba71f3fb3cd0ced1254","status":"passed","time":{"start":1747816652164,"stop":1747816652372,"duration":208},"flaky":false,"newFailed":false,"newPassed":false,"newBroken":false,"retriesCount":0,"retriesStatusChange":false,"parameters":["PTC1.1","supervisor","17","male","userToCreate","019azAZ","user","userScreenNameToCreate","Create player 17 years old by role 'supervisor' with gender 'male' and role 'user' and password '019azAZ'"],"tags":[]},{"name":"GET /player/create/{editor}?age={age}&gender={gender}&login={login}&password={password}&role={role}&screenName={screenName}","uid":"a0fc888d2530411d","parentUid":"782fe573190ddba71f3fb3cd0ced1254","status":"passed","time":{"start":1747816652373,"stop":1747816652572,"duration":199},"flaky":false,"newFailed":false,"newPassed":false,"newBroken":false,"retriesCount":0,"retriesStatusChange":false,"parameters":["PTC1.2","supervisor","59","Female","adminToCreate","0123456789abcde","admin","adminScreenNameToCreate","Create player 59 years old by role 'supervisor' with gender 'Female' and role 'admin' and password '0123456789abcde'"],"tags":[]},{"name":"GET /player/create/{editor}?age={age}&gender={gender}&login={login}&password={password}&role={role}&screenName={screenName}","uid":"fb74e948b1b84f88","parentUid":"782fe573190ddba71f3fb3cd0ced1254","status":"failed","time":{"start":1747816652573,"stop":1747816652681,"duration":108},"flaky":false,"newFailed":false,"newPassed":false,"newBroken":false,"retriesCount":0,"retriesStatusChange":false,"parameters":["PTC1.3","adminCreator","20","female","adminToCreateByAdmin","0123456789ABCDE","admin","adminScreenNameToCreateByAdmin","Create player 20 years old by role 'admin' with gender 'female' and role 'admin' and password '0123456789ABCDE'"],"tags":[]},{"name":"GET /player/create/{editor}?age={age}&gender={gender}&login={login}&password={password}&role={role}&screenName={screenName}","uid":"377ba17a1b43f80e","parentUid":"782fe573190ddba71f3fb3cd0ced1254","status":"failed","time":{"start":1747816652684,"stop":1747816652784,"duration":100},"flaky":false,"newFailed":false,"newPassed":false,"newBroken":false,"retriesCount":0,"retriesStatusChange":false,"parameters":["PTC1.4","adminCreator","55","MALE","userToCreateByAdmin","abcde0123456789","user","userScreenNameToCreateByAdmin","Create player 55 years old by role 'admin' with gender 'MALE' and role user and password 'abcde0123456789'"],"tags":[]}],"uid":"782fe573190ddba71f3fb3cd0ced1254"},{"name":"tests.functional.positive.PlayerUpdateTest","children":[{"name":"PATCH /player/get/{editor}/{id}","uid":"c3e1b7b25414d5ca","parentUid":"37df16d48aa9da987bbfa3496c413dbb","status":"broken","time":{"start":1747816652166,"stop":1747816652265,"duration":99},"flaky":false,"newFailed":false,"newPassed":false,"newBroken":false,"retriesCount":0,"retriesStatusChange":false,"parameters":["PTC5.1","adminToUpdate","supervisor","59","male","adminUpdatedLogin","0123456789abcDE","admin","adminScreenNameUpdated","Update player with role 'admin' all fields max length or value by supervisor"],"tags":[]},{"name":"PATCH /player/get/{editor}/{id}","uid":"9642ee0773f63ce3","parentUid":"37df16d48aa9da987bbfa3496c413dbb","status":"broken","time":{"start":1747816652267,"stop":1747816652372,"duration":105},"flaky":false,"newFailed":false,"newPassed":false,"newBroken":false,"retriesCount":0,"retriesStatusChange":false,"parameters":["PTC5.2","userToUpdate","supervisor","17","female","userUpdatedLogin","012345cD","user","userScreenNameUpdated","Update player with role 'user' all fields min length or value by supervisor"],"tags":[]},{"name":"PATCH /player/get/{editor}/{id}","uid":"6ff232f1d10292f3","parentUid":"37df16d48aa9da987bbfa3496c413dbb","status":"failed","time":{"start":1747816652374,"stop":1747816652495,"duration":121},"flaky":false,"newFailed":false,"newPassed":false,"newBroken":false,"retriesCount":0,"retriesStatusChange":false,"parameters":["PTC5.3","adminToUpdate","adminToUpdate","59","female","adminUpdatedLogin","0123456789abcDE","admin","adminScreenNameUpdated","Update 'admin' himself"],"tags":[]},{"name":"PATCH /player/get/{editor}/{id}","uid":"491f94b124c3e9af","parentUid":"37df16d48aa9da987bbfa3496c413dbb","status":"failed","time":{"start":1747816652497,"stop":1747816652592,"duration":95},"flaky":false,"newFailed":false,"newPassed":false,"newBroken":false,"retriesCount":0,"retriesStatusChange":false,"parameters":["PTC5.4","userToUpdate","adminEditor","59","female","userUpdatedLogin","0123456789abcDE","user","userScreenNameUpdated","Update 'user' by 'admin'"],"tags":[]},{"name":"PATCH /player/get/{editor}/{id}","uid":"846989f641e23fc6","parentUid":"37df16d48aa9da987bbfa3496c413dbb","status":"failed","time":{"start":1747816652594,"stop":1747816652681,"duration":87},"flaky":false,"newFailed":false,"newPassed":false,"newBroken":false,"retriesCount":0,"retriesStatusChange":false,"parameters":["PTC5.5","userToUpdate","userToUpdate","59","male","userUpdatedLogin","0123456789abcDE","user","userScreenNameUpdated","Update 'user' himself"],"tags":[]}],"uid":"37df16d48aa9da987bbfa3496c413dbb"},{"name":"tests.functional.positive.PlayerGetAllTest","children":[{"name":"GET /player/get/all","uid":"bd376f25b03367b0","parentUid":"c7d76bd3f2df6505c15058bb1b97f18f","status":"passed","time":{"start":1747816652373,"stop":1747816652486,"duration":113},"flaky":false,"newFailed":false,"newPassed":false,"newBroken":false,"retriesCount":0,"retriesStatusChange":false,"parameters":[],"tags":[]}],"uid":"c7d76bd3f2df6505c15058bb1b97f18f"},{"name":"tests.functional.negative.PlayerDeleteTest","children":[{"name":"DELETE /player/delete/{editor}","uid":"d6a1875b0d788d74","parentUid":"a5d4f32524f40d6566b391625deb9fee","status":"passed","time":{"start":1747816652487,"stop":1747816652576,"duration":89},"flaky":false,"newFailed":false,"newPassed":false,"newBroken":false,"retriesCount":0,"retriesStatusChange":false,"parameters":["NTC2.6","adminToDelete","adminEditor","403","Delete player with role 'admin' by different 'admin'"],"tags":[]},{"name":"DELETE /player/delete/{editor}","uid":"9517ed4ced8ea42","parentUid":"a5d4f32524f40d6566b391625deb9fee","status":"passed","time":{"start":1747816652577,"stop":1747816652679,"duration":102},"flaky":false,"newFailed":false,"newPassed":false,"newBroken":false,"retriesCount":0,"retriesStatusChange":false,"parameters":["NTC2.7","userToDelete","userEditor","403","Delete player with role 'user' by different 'user'"],"tags":[]},{"name":"DELETE /player/delete/{editor}","uid":"fe03569906ccf0e3","parentUid":"a5d4f32524f40d6566b391625deb9fee","status":"passed","time":{"start":1747816652681,"stop":1747816652784,"duration":103},"flaky":false,"newFailed":false,"newPassed":false,"newBroken":false,"retriesCount":0,"retriesStatusChange":false,"parameters":["NTC2.8","userToDelete","userToDelete","403","Delete player himself as 'user'"],"tags":[]},{"name":"DELETE /player/delete/{editor}","uid":"aa51e911021bc9da","parentUid":"a5d4f32524f40d6566b391625deb9fee","status":"passed","time":{"start":1747816652785,"stop":1747816652889,"duration":104},"flaky":false,"newFailed":false,"newPassed":false,"newBroken":false,"retriesCount":0,"retriesStatusChange":false,"parameters":["NTC2.10","adminToDelete","random","403","Delete player with not existed editor"],"tags":[]}],"uid":"a5d4f32524f40d6566b391625deb9fee"},{"name":"tests.functional.negative.PlayerTest","children":[{"name":"POST /player/get","uid":"b7fdef6c29da581b","parentUid":"e9e368eaa70385f2285987221732a48b","status":"failed","time":{"start":1747816652683,"stop":1747816652784,"duration":101},"flaky":false,"newFailed":false,"newPassed":false,"newBroken":false,"retriesCount":0,"retriesStatusChange":false,"parameters":[],"tags":[]}],"uid":"e9e368eaa70385f2285987221732a48b"},{"name":"tests.functional.negative.PlayerUpdateTest","children":[{"name":"PATCH /player/get/{editor}/{id}","uid":"fc808bb389bd93fe","parentUid":"a160a00edb94db071caf9230a24c3612","status":"failed","time":{"start":1747816652786,"stop":1747816652889,"duration":103},"flaky":false,"newFailed":false,"newPassed":false,"newBroken":false,"retriesCount":0,"retriesStatusChange":false,"parameters":["NTC5.8","tooYoung","Update player with age 16","supervisor","16","male","adminUpdatedLogin","0123456789abcDE","admin","adminScreenNameUpdated","400"],"tags":[]},{"name":"PATCH /player/get/{editor}/{id}","uid":"6f1d77e2e0ccea7e","parentUid":"a160a00edb94db071caf9230a24c3612","status":"failed","time":{"start":1747816652890,"stop":1747816652983,"duration":93},"flaky":false,"newFailed":false,"newPassed":false,"newBroken":false,"retriesCount":0,"retriesStatusChange":false,"parameters":["NTC5.9","tooOld","Update player with age 60","supervisor","60","male","adminUpdatedLogin","0123456789abcDE","admin","adminScreenNameUpdated","400"],"tags":[]},{"name":"PATCH /player/get/{editor}/{id}","uid":"ae75a251cb2b1b23","parentUid":"a160a00edb94db071caf9230a24c3612","status":"failed","time":{"start":1747816652984,"stop":1747816653083,"duration":99},"flaky":false,"newFailed":false,"newPassed":false,"newBroken":false,"retriesCount":0,"retriesStatusChange":false,"parameters":["NTC5.11","wrongGender","Update player with wrong gender","supervisor","59","wrong","adminUpdatedLogin","0123456789abcDE","admin","adminScreenNameUpdated","400"],"tags":[]},{"name":"PATCH /player/get/{editor}/{id}","uid":"5b03a3246ee1a855","parentUid":"a160a00edb94db071caf9230a24c3612","status":"passed","time":{"start":1747816653084,"stop":1747816653176,"duration":92},"flaky":false,"newFailed":false,"newPassed":false,"newBroken":false,"retriesCount":0,"retriesStatusChange":false,"parameters":["NTC5.17","userToUpdate","Update player with role 'user' by another 'user'","userEditor","59","male","userUpdatedLogin","0123456789abcDE","user","userScreenNameUpdated","403"],"tags":[]},{"name":"PATCH /player/get/{editor}/{id}","uid":"62e7e3b53853f0cc","parentUid":"a160a00edb94db071caf9230a24c3612","status":"failed","time":{"start":1747816653182,"stop":1747816653268,"duration":86},"flaky":false,"newFailed":false,"newPassed":false,"newBroken":false,"retriesCount":0,"retriesStatusChange":false,"parameters":["NTC5.18","adminToUpdate","Update player with role 'admin' by another 'admin'","adminEditor","59","male","adminUpdatedLogin","0123456789abcDE","admin","adminScreenNameUpdated","403"],"tags":[]},{"name":"PATCH /player/get/{editor}/{id}","uid":"4ebceb47d9344e4f","parentUid":"a160a00edb94db071caf9230a24c3612","status":"passed","time":{"start":1747816653270,"stop":1747816653351,"duration":81},"flaky":false,"newFailed":false,"newPassed":false,"newBroken":false,"retriesCount":0,"retriesStatusChange":false,"parameters":["NTC5.19","supervisor","Update player with role 'supervisor' by 'admin'","adminEditor","59","male","supervisorUpdatedLogin","0123456789abcDE","supervisor","supervisorUpdatedScreenName","403"],"tags":[]},{"name":"PATCH /player/get/{editor}/{id}","uid":"ab1886fc146cf826","parentUid":"a160a00edb94db071caf9230a24c3612","status":"passed","time":{"start":1747816653352,"stop":1747816653436,"duration":84},"flaky":false,"newFailed":false,"newPassed":false,"newBroken":false,"retriesCount":0,"retriesStatusChange":false,"parameters":["NTC5.20","supervisor","Update player with role 'supervisor' by 'user'","userEditor","59","male","supervisorUpdatedLogin","0123456789abcDE","supervisor","supervisorUpdatedScreenName","403"],"tags":[]},{"name":"PATCH /player/get/{editor}/{id}","uid":"ca57f0ff9f23ba51","parentUid":"a160a00edb94db071caf9230a24c3612","status":"failed","time":{"start":1747816653437,"stop":1747816653519,"duration":82},"flaky":false,"newFailed":false,"newPassed":false,"newBroken":false,"retriesCount":0,"retriesStatusChange":false,"parameters":["NTC5.21","smallPassword","Update player with minimum password length (6 characters)","supervisor","59","male","adminUpdatedLogin","12345s","admin","adminScreenNameUpdated","400"],"tags":[]},{"name":"PATCH /player/get/{editor}/{id}","uid":"7fdc2b441baa739e","parentUid":"a160a00edb94db071caf9230a24c3612","status":"failed","time":{"start":1747816653520,"stop":1747816653602,"duration":82},"flaky":false,"newFailed":false,"newPassed":false,"newBroken":false,"retriesCount":0,"retriesStatusChange":false,"parameters":["NTC5.22","longPassword","Update player with password length (16 characters)","supervisor","59","male","adminUpdatedLogin","0123456789abcDEF","admin","adminScreenNameUpdated","400"],"tags":[]}],"uid":"a160a00edb94db071caf9230a24c3612"},{"name":"tests.functional.negative.PlayerCreateTest","children":[{"name":"GET /player/create/{editor}?age={age}&gender={gender}&login={login}&password={password}&role={role}&screenName={screenName}","uid":"2fb5812701f22c15","parentUid":"4c2e1afde249e8d151ea5c751959e857","status":"passed","time":{"start":1747816652786,"stop":1747816652889,"duration":103},"flaky":false,"newFailed":false,"newPassed":false,"newBroken":false,"retriesCount":0,"retriesStatusChange":false,"parameters":["NTC1.6","random","17","male","createdByNotExistedEditorLogin","019azAZ","user","createdByNotExistedEditorScreenName","403","Not existed editor"],"tags":[]},{"name":"GET /player/create/{editor}?age={age}&gender={gender}&login={login}&password={password}&role={role}&screenName={screenName}","uid":"1952a6b548cc3913","parentUid":"4c2e1afde249e8d151ea5c751959e857","status":"passed","time":{"start":1747816652890,"stop":1747816652981,"duration":91},"flaky":false,"newFailed":false,"newPassed":false,"newBroken":false,"retriesCount":0,"retriesStatusChange":false,"parameters":["NTC1.7","userEditor","17","male","createdByUserLogin","019azAZ","user","createdByUserScreenName","403","editor with role 'user'"],"tags":[]},{"name":"GET /player/create/{editor}?age={age}&gender={gender}&login={login}&password={password}&role={role}&screenName={screenName}","uid":"80a6d51701bacf9e","parentUid":"4c2e1afde249e8d151ea5c751959e857","status":"passed","time":{"start":1747816652982,"stop":1747816653083,"duration":101},"flaky":false,"newFailed":false,"newPassed":false,"newBroken":false,"retriesCount":0,"retriesStatusChange":false,"parameters":["NTC1.8","supervisor","16","male","userToCreate","019azAZ","user","userScreenNameToCreate","400","Create player with age 16 years old"],"tags":[]},{"name":"GET /player/create/{editor}?age={age}&gender={gender}&login={login}&password={password}&role={role}&screenName={screenName}","uid":"2497cff5e4425496","parentUid":"4c2e1afde249e8d151ea5c751959e857","status":"failed","time":{"start":1747816653084,"stop":1747816653174,"duration":90},"flaky":false,"newFailed":false,"newPassed":false,"newBroken":false,"retriesCount":0,"retriesStatusChange":false,"parameters":["NTC1.9","supervisor","60","male","userToCreate","019azAZ","user","userScreenNameToCreate","400","Create player with age 60 years old"],"tags":[]},{"name":"GET /player/create/{editor}?age={age}&gender={gender}&login={login}&password={password}&role={role}&screenName={screenName}","uid":"f55bd353957e2341","parentUid":"4c2e1afde249e8d151ea5c751959e857","status":"failed","time":{"start":1747816653180,"stop":1747816653260,"duration":80},"flaky":false,"newFailed":false,"newPassed":false,"newBroken":false,"retriesCount":0,"retriesStatusChange":false,"parameters":["NTC1.26","supervisor","17","wrong","userToCreate","019azAZ","user","userScreenNameToCreate","400","Create player with gender 'wrong'"],"tags":[]},{"name":"GET /player/create/{editor}?age={age}&gender={gender}&login={login}&password={password}&role={role}&screenName={screenName}","uid":"49147d3408bfbf0b","parentUid":"4c2e1afde249e8d151ea5c751959e857","status":"failed","time":{"start":1747816653261,"stop":1747816653343,"duration":82},"flaky":false,"newFailed":false,"newPassed":false,"newBroken":false,"retriesCount":0,"retriesStatusChange":false,"parameters":["NTC1.30","supervisor","17","male","userToCreate","12345678","user","userScreenNameToCreate","400","Create player with password with only digits"],"tags":[]},{"name":"GET /player/create/{editor}?age={age}&gender={gender}&login={login}&password={password}&role={role}&screenName={screenName}","uid":"7f9610b2a75bc232","parentUid":"4c2e1afde249e8d151ea5c751959e857","status":"failed","time":{"start":1747816653344,"stop":1747816653426,"duration":82},"flaky":false,"newFailed":false,"newPassed":false,"newBroken":false,"retriesCount":0,"retriesStatusChange":false,"parameters":["NTC1.31","supervisor","17","male","userToCreate","abcdEFGhi","user","userScreenNameToCreate","400","Create player with password with only letters"],"tags":[]},{"name":"GET /player/create/{editor}?age={age}&gender={gender}&login={login}&password={password}&role={role}&screenName={screenName}","uid":"72fa0ce16611a4d4","parentUid":"4c2e1afde249e8d151ea5c751959e857","status":"failed","time":{"start":1747816653428,"stop":1747816653512,"duration":84},"flaky":false,"newFailed":false,"newPassed":false,"newBroken":false,"retriesCount":0,"retriesStatusChange":false,"parameters":["NTC1.32","supervisor","17","male","userToCreate","()!@#$%.&*+;%:?","user","userScreenNameToCreate","400","Create player with password with not allowed characters ()!@#$%.&*+;%:?"],"tags":[]},{"name":"GET /player/create/{editor}?age={age}&gender={gender}&login={login}&password={password}&role={role}&screenName={screenName}","uid":"c283647d9d757566","parentUid":"4c2e1afde249e8d151ea5c751959e857","status":"failed","time":{"start":1747816653513,"stop":1747816653602,"duration":89},"flaky":false,"newFailed":false,"newPassed":false,"newBroken":false,"retriesCount":0,"retriesStatusChange":false,"parameters":["NTC1.35","supervisor","17","male","userToCreate","019azA","user","userScreenNameToCreate","400","Create player with password 6 characters long"],"tags":[]},{"name":"GET /player/create/{editor}?age={age}&gender={gender}&login={login}&password={password}&role={role}&screenName={screenName}","uid":"707f0c910a420b5f","parentUid":"4c2e1afde249e8d151ea5c751959e857","status":"failed","time":{"start":1747816653603,"stop":1747816653686,"duration":83},"flaky":false,"newFailed":false,"newPassed":false,"newBroken":false,"retriesCount":0,"retriesStatusChange":false,"parameters":["NTC1.36","supervisor","17","male","userToCreate","0123456789abcdef","user","userScreenNameToCreate","400","Create player with password 16 characters long"],"tags":[]},{"name":"GET /player/create/{editor}?age={age}&gender={gender}&login={login}&password={password}&role={role}&screenName={screenName}","uid":"3921c2d11e03ff22","parentUid":"4c2e1afde249e8d151ea5c751959e857","status":"passed","time":{"start":1747816653687,"stop":1747816653769,"duration":82},"flaky":false,"newFailed":false,"newPassed":false,"newBroken":false,"retriesCount":0,"retriesStatusChange":false,"parameters":["NTC1.37","supervisor","17","male","userToCreate","019azAZ","supervisor","userScreenNameToCreate","400","Create player with role supervisor"],"tags":[]},{"name":"GET /player/create/{editor}?age={age}&gender={gender}&login={login}&password={password}&role={role}&screenName={screenName}","uid":"1c2c3c054be83b7c","parentUid":"4c2e1afde249e8d151ea5c751959e857","status":"passed","time":{"start":1747816653770,"stop":1747816653864,"duration":94},"flaky":false,"newFailed":false,"newPassed":false,"newBroken":false,"retriesCount":0,"retriesStatusChange":false,"parameters":["NTC1.38","supervisor","17","male","userToCreate","019azAZ","wrong","userScreenNameToCreate","400","Create player with role wrong"],"tags":[]}],"uid":"4c2e1afde249e8d151ea5c751959e857"}],"uid":"451c210b2b61e961fb1dc89526376e53"}],"uid":"7bb32fe06fbe46117f61af1907e8cdc6"}]}