"Status","Start Time","Stop Time","Duration in ms","Parent Suite","Suite","Sub Suite","Test Class","Test Method","Name","Description"
"failed","Wed May 21 11:37:32 EEST 2025","Wed May 21 11:37:33 EEST 2025","99","BaseSuite","MainTests","tests.functional.negative.PlayerUpdateTest","tests.functional.negative.PlayerUpdateTest","updateNegative","PATCH /player/get/{editor}/{id}",""
"passed","Wed May 21 11:37:29 EEST 2025","Wed May 21 11:37:29 EEST 2025","288","BaseSuite","TestDataPreparation","preparation.TestDataPreparationTest","preparation.TestDataPreparationTest","prepareTestData","GET /player/create/{editor}?age={age}&gender={gender}&login={login}&password={password}&role={role}&screenName={screenName}",""
"passed","Wed May 21 11:37:29 EEST 2025","Wed May 21 11:37:30 EEST 2025","205","BaseSuite","TestDataPreparation","preparation.TestDataPreparationTest","preparation.TestDataPreparationTest","prepareTestData","GET /player/create/{editor}?age={age}&gender={gender}&login={login}&password={password}&role={role}&screenName={screenName}",""
"failed","Wed May 21 11:37:33 EEST 2025","Wed May 21 11:37:33 EEST 2025","82","BaseSuite","MainTests","tests.functional.negative.PlayerUpdateTest","tests.functional.negative.PlayerUpdateTest","updateNegative","PATCH /player/get/{editor}/{id}",""
"passed","Wed May 21 11:37:30 EEST 2025","Wed May 21 11:37:30 EEST 2025","82","BaseSuite","TestDataPreparation","preparation.TestDataPreparationTest","preparation.TestDataPreparationTest","prepareTestData","GET /player/create/{editor}?age={age}&gender={gender}&login={login}&password={password}&role={role}&screenName={screenName}",""
"failed","Wed May 21 11:37:33 EEST 2025","Wed May 21 11:37:33 EEST 2025","82","BaseSuite","MainTests","tests.functional.negative.PlayerCreateTest","tests.functional.negative.PlayerCreateTest","createNegative","GET /player/create/{editor}?age={age}&gender={gender}&login={login}&password={password}&role={role}&screenName={screenName}",""
"passed","Wed May 21 11:37:32 EEST 2025","Wed May 21 11:37:32 EEST 2025","103","BaseSuite","MainTests","tests.functional.negative.PlayerDeleteTest","tests.functional.negative.PlayerDeleteTest","deleteNegative","DELETE /player/delete/{editor}",""
"failed","Wed May 21 11:37:33 EEST 2025","Wed May 21 11:37:33 EEST 2025","86","BaseSuite","MainTests","tests.functional.negative.PlayerUpdateTest","tests.functional.negative.PlayerUpdateTest","updateNegative","PATCH /player/get/{editor}/{id}",""
"failed","Wed May 21 11:37:31 EEST 2025","Wed May 21 11:37:32 EEST 2025","89","BaseSuite","MainTests","tests.functional.positive.PlayerDaleteTest","tests.functional.positive.PlayerDaleteTest","deletePlayersPositive","DELETE /player/delete/{editor}",""
"failed","Wed May 21 11:37:33 EEST 2025","Wed May 21 11:37:33 EEST 2025","83","BaseSuite","MainTests","tests.functional.negative.PlayerCreateTest","tests.functional.negative.PlayerCreateTest","createNegative","GET /player/create/{editor}?age={age}&gender={gender}&login={login}&password={password}&role={role}&screenName={screenName}",""
"passed","Wed May 21 11:37:32 EEST 2025","Wed May 21 11:37:32 EEST 2025","91","BaseSuite","MainTests","tests.functional.negative.PlayerCreateTest","tests.functional.negative.PlayerCreateTest","createNegative","GET /player/create/{editor}?age={age}&gender={gender}&login={login}&password={password}&role={role}&screenName={screenName}",""
"passed","Wed May 21 11:37:28 EEST 2025","Wed May 21 11:37:28 EEST 2025","88","BaseSuite","TestDataPreparation","preparation.TestDataPreparationTest","preparation.TestDataPreparationTest","prepareTestData","GET /player/create/{editor}?age={age}&gender={gender}&login={login}&password={password}&role={role}&screenName={screenName}",""
"passed","Wed May 21 11:37:29 EEST 2025","Wed May 21 11:37:29 EEST 2025","85","BaseSuite","TestDataPreparation","preparation.TestDataPreparationTest","preparation.TestDataPreparationTest","prepareTestData","GET /player/create/{editor}?age={age}&gender={gender}&login={login}&password={password}&role={role}&screenName={screenName}",""
"failed","Wed May 21 11:37:32 EEST 2025","Wed May 21 11:37:32 EEST 2025","103","BaseSuite","MainTests","tests.functional.negative.PlayerUpdateTest","tests.functional.negative.PlayerUpdateTest","updateNegative","PATCH /player/get/{editor}/{id}",""
"passed","Wed May 21 11:37:31 EEST 2025","Wed May 21 11:37:31 EEST 2025","80","BaseSuite","TestDataPreparation","preparation.TestDataPreparationTest","preparation.TestDataPreparationTest","prepareTestData","GET /player/create/{editor}?age={age}&gender={gender}&login={login}&password={password}&role={role}&screenName={screenName}",""
"passed","Wed May 21 11:37:30 EEST 2025","Wed May 21 11:37:30 EEST 2025","82","BaseSuite","TestDataPreparation","preparation.TestDataPreparationTest","preparation.TestDataPreparationTest","prepareTestData","GET /player/create/{editor}?age={age}&gender={gender}&login={login}&password={password}&role={role}&screenName={screenName}",""
"passed","Wed May 21 11:37:28 EEST 2025","Wed May 21 11:37:29 EEST 2025","85","BaseSuite","TestDataPreparation","preparation.TestDataPreparationTest","preparation.TestDataPreparationTest","prepareTestData","GET /player/create/{editor}?age={age}&gender={gender}&login={login}&password={password}&role={role}&screenName={screenName}",""
"failed","Wed May 21 11:37:32 EEST 2025","Wed May 21 11:37:32 EEST 2025","108","BaseSuite","MainTests","tests.functional.positive.PlayerCreateTest","tests.functional.positive.PlayerCreateTest","createPlayersPositive","GET /player/create/{editor}?age={age}&gender={gender}&login={login}&password={password}&role={role}&screenName={screenName}",""
"broken","Wed May 21 11:37:32 EEST 2025","Wed May 21 11:37:32 EEST 2025","99","BaseSuite","MainTests","tests.functional.positive.PlayerUpdateTest","tests.functional.positive.PlayerUpdateTest","updatePlayersPositive","PATCH /player/get/{editor}/{id}",""
"passed","Wed May 21 11:37:30 EEST 2025","Wed May 21 11:37:30 EEST 2025","92","BaseSuite","TestDataPreparation","preparation.TestDataPreparationTest","preparation.TestDataPreparationTest","prepareTestData","GET /player/create/{editor}?age={age}&gender={gender}&login={login}&password={password}&role={role}&screenName={screenName}",""
"passed","Wed May 21 11:37:32 EEST 2025","Wed May 21 11:37:32 EEST 2025","103","BaseSuite","MainTests","tests.functional.negative.PlayerCreateTest","tests.functional.negative.PlayerCreateTest","createNegative","GET /player/create/{editor}?age={age}&gender={gender}&login={login}&password={password}&role={role}&screenName={screenName}",""
"failed","Wed May 21 11:37:31 EEST 2025","Wed May 21 11:37:31 EEST 2025","198","BaseSuite","MainTests","tests.smoke.PlayerUpdateTest","tests.smoke.PlayerUpdateTest","updatePlayer","PATCH /player/get/{editor}/{id}","Updating player"
"failed","Wed May 21 11:37:32 EEST 2025","Wed May 21 11:37:32 EEST 2025","100","BaseSuite","MainTests","tests.functional.positive.PlayerCreateTest","tests.functional.positive.PlayerCreateTest","createPlayersPositive","GET /player/create/{editor}?age={age}&gender={gender}&login={login}&password={password}&role={role}&screenName={screenName}",""
"failed","Wed May 21 11:37:32 EEST 2025","Wed May 21 11:37:32 EEST 2025","121","BaseSuite","MainTests","tests.functional.positive.PlayerUpdateTest","tests.functional.positive.PlayerUpdateTest","updatePlayersPositive","PATCH /player/get/{editor}/{id}",""
"passed","Wed May 21 11:37:30 EEST 2025","Wed May 21 11:37:31 EEST 2025","82","BaseSuite","TestDataPreparation","preparation.TestDataPreparationTest","preparation.TestDataPreparationTest","prepareTestData","GET /player/create/{editor}?age={age}&gender={gender}&login={login}&password={password}&role={role}&screenName={screenName}",""
"passed","Wed May 21 11:37:30 EEST 2025","Wed May 21 11:37:30 EEST 2025","82","BaseSuite","TestDataPreparation","preparation.TestDataPreparationTest","preparation.TestDataPreparationTest","prepareTestData","GET /player/create/{editor}?age={age}&gender={gender}&login={login}&password={password}&role={role}&screenName={screenName}",""
"passed","Wed May 21 11:37:30 EEST 2025","Wed May 21 11:37:30 EEST 2025","84","BaseSuite","TestDataPreparation","preparation.TestDataPreparationTest","preparation.TestDataPreparationTest","prepareTestData","GET /player/create/{editor}?age={age}&gender={gender}&login={login}&password={password}&role={role}&screenName={screenName}",""
"passed","Wed May 21 11:37:28 EEST 2025","Wed May 21 11:37:28 EEST 2025","90","BaseSuite","TestDataPreparation","preparation.TestDataPreparationTest","preparation.TestDataPreparationTest","prepareTestData","GET /player/create/{editor}?age={age}&gender={gender}&login={login}&password={password}&role={role}&screenName={screenName}",""
"broken","Wed May 21 11:37:32 EEST 2025","Wed May 21 11:37:32 EEST 2025","105","BaseSuite","MainTests","tests.functional.positive.PlayerUpdateTest","tests.functional.positive.PlayerUpdateTest","updatePlayersPositive","PATCH /player/get/{editor}/{id}",""
"passed","Wed May 21 11:37:32 EEST 2025","Wed May 21 11:37:32 EEST 2025","89","BaseSuite","MainTests","tests.functional.negative.PlayerDeleteTest","tests.functional.negative.PlayerDeleteTest","deleteNegative","DELETE /player/delete/{editor}",""
"passed","Wed May 21 11:37:28 EEST 2025","Wed May 21 11:37:28 EEST 2025","112","BaseSuite","TestDataPreparation","preparation.TestDataPreparationTest","preparation.TestDataPreparationTest","prepareTestData","GET /player/create/{editor}?age={age}&gender={gender}&login={login}&password={password}&role={role}&screenName={screenName}",""
"passed","Wed May 21 11:37:28 EEST 2025","Wed May 21 11:37:28 EEST 2025","86","BaseSuite","TestDataPreparation","preparation.TestDataPreparationTest","preparation.TestDataPreparationTest","prepareTestData","GET /player/create/{editor}?age={age}&gender={gender}&login={login}&password={password}&role={role}&screenName={screenName}",""
"passed","Wed May 21 11:37:32 EEST 2025","Wed May 21 11:37:32 EEST 2025","208","BaseSuite","MainTests","tests.functional.positive.PlayerCreateTest","tests.functional.positive.PlayerCreateTest","createPlayersPositive","GET /player/create/{editor}?age={age}&gender={gender}&login={login}&password={password}&role={role}&screenName={screenName}",""
"passed","Wed May 21 11:37:28 EEST 2025","Wed May 21 11:37:28 EEST 2025","88","BaseSuite","TestDataPreparation","preparation.TestDataPreparationTest","preparation.TestDataPreparationTest","prepareTestData","GET /player/create/{editor}?age={age}&gender={gender}&login={login}&password={password}&role={role}&screenName={screenName}",""
"passed","Wed May 21 11:37:30 EEST 2025","Wed May 21 11:37:30 EEST 2025","82","BaseSuite","TestDataPreparation","preparation.TestDataPreparationTest","preparation.TestDataPreparationTest","prepareTestData","GET /player/create/{editor}?age={age}&gender={gender}&login={login}&password={password}&role={role}&screenName={screenName}",""
"failed","Wed May 21 11:37:32 EEST 2025","Wed May 21 11:37:32 EEST 2025","93","BaseSuite","MainTests","tests.functional.negative.PlayerUpdateTest","tests.functional.negative.PlayerUpdateTest","updateNegative","PATCH /player/get/{editor}/{id}",""
"failed","Wed May 21 11:37:33 EEST 2025","Wed May 21 11:37:33 EEST 2025","89","BaseSuite","MainTests","tests.functional.negative.PlayerCreateTest","tests.functional.negative.PlayerCreateTest","createNegative","GET /player/create/{editor}?age={age}&gender={gender}&login={login}&password={password}&role={role}&screenName={screenName}",""
"passed","Wed May 21 11:37:32 EEST 2025","Wed May 21 11:37:32 EEST 2025","113","BaseSuite","MainTests","tests.functional.positive.PlayerGetAllTest","tests.functional.positive.PlayerGetAllTest","getAllPlayers","GET /player/get/all","PTC4.1 - Check that id, login and screenName are unique in the list"
"failed","Wed May 21 11:37:33 EEST 2025","Wed May 21 11:37:33 EEST 2025","82","BaseSuite","MainTests","tests.functional.negative.PlayerUpdateTest","tests.functional.negative.PlayerUpdateTest","updateNegative","PATCH /player/get/{editor}/{id}",""
"passed","Wed May 21 11:37:31 EEST 2025","Wed May 21 11:37:31 EEST 2025","105","BaseSuite","MainTests","tests.smoke.PlayerGetTest","tests.smoke.PlayerGetTest","getPlayer","POST /player/get","Checking player by ID"
"passed","Wed May 21 11:37:32 EEST 2025","Wed May 21 11:37:32 EEST 2025","102","BaseSuite","MainTests","tests.functional.negative.PlayerDeleteTest","tests.functional.negative.PlayerDeleteTest","deleteNegative","DELETE /player/delete/{editor}",""
"failed","Wed May 21 11:37:31 EEST 2025","Wed May 21 11:37:31 EEST 2025","155","BaseSuite","MainTests","tests.smoke.PlayerCreateTest","tests.smoke.PlayerCreateTest","createPlayer","GET /player/create/{editor}?age={age}&gender={gender}&login={login}&password={password}&role={role}&screenName={screenName}","Creating new player"
"passed","Wed May 21 11:37:33 EEST 2025","Wed May 21 11:37:33 EEST 2025","82","BaseSuite","MainTests","tests.functional.negative.PlayerCreateTest","tests.functional.negative.PlayerCreateTest","createNegative","GET /player/create/{editor}?age={age}&gender={gender}&login={login}&password={password}&role={role}&screenName={screenName}",""
"passed","Wed May 21 11:37:28 EEST 2025","Wed May 21 11:37:28 EEST 2025","86","BaseSuite","TestDataPreparation","preparation.TestDataPreparationTest","preparation.TestDataPreparationTest","prepareTestData","GET /player/create/{editor}?age={age}&gender={gender}&login={login}&password={password}&role={role}&screenName={screenName}",""
"passed","Wed May 21 11:37:31 EEST 2025","Wed May 21 11:37:31 EEST 2025","149","BaseSuite","MainTests","tests.smoke.PlayerGetAllTest","tests.smoke.PlayerGetAllTest","getAllPlayers","GET /player/get/all","Validating response data format with all users in the list"
"passed","Wed May 21 11:37:33 EEST 2025","Wed May 21 11:37:33 EEST 2025","94","BaseSuite","MainTests","tests.functional.negative.PlayerCreateTest","tests.functional.negative.PlayerCreateTest","createNegative","GET /player/create/{editor}?age={age}&gender={gender}&login={login}&password={password}&role={role}&screenName={screenName}",""
"failed","Wed May 21 11:37:32 EEST 2025","Wed May 21 11:37:32 EEST 2025","87","BaseSuite","MainTests","tests.functional.positive.PlayerUpdateTest","tests.functional.positive.PlayerUpdateTest","updatePlayersPositive","PATCH /player/get/{editor}/{id}",""
"passed","Wed May 21 11:37:32 EEST 2025","Wed May 21 11:37:32 EEST 2025","199","BaseSuite","MainTests","tests.functional.positive.PlayerCreateTest","tests.functional.positive.PlayerCreateTest","createPlayersPositive","GET /player/create/{editor}?age={age}&gender={gender}&login={login}&password={password}&role={role}&screenName={screenName}",""
"passed","Wed May 21 11:37:30 EEST 2025","Wed May 21 11:37:30 EEST 2025","83","BaseSuite","TestDataPreparation","preparation.TestDataPreparationTest","preparation.TestDataPreparationTest","prepareTestData","GET /player/create/{editor}?age={age}&gender={gender}&login={login}&password={password}&role={role}&screenName={screenName}",""
"passed","Wed May 21 11:37:31 EEST 2025","Wed May 21 11:37:31 EEST 2025","82","BaseSuite","TestDataPreparation","preparation.TestDataPreparationTest","preparation.TestDataPreparationTest","prepareTestData","GET /player/create/{editor}?age={age}&gender={gender}&login={login}&password={password}&role={role}&screenName={screenName}",""
"passed","Wed May 21 11:37:29 EEST 2025","Wed May 21 11:37:29 EEST 2025","85","BaseSuite","TestDataPreparation","preparation.TestDataPreparationTest","preparation.TestDataPreparationTest","prepareTestData","GET /player/create/{editor}?age={age}&gender={gender}&login={login}&password={password}&role={role}&screenName={screenName}",""
"passed","Wed May 21 11:37:32 EEST 2025","Wed May 21 11:37:33 EEST 2025","101","BaseSuite","MainTests","tests.functional.negative.PlayerCreateTest","tests.functional.negative.PlayerCreateTest","createNegative","GET /player/create/{editor}?age={age}&gender={gender}&login={login}&password={password}&role={role}&screenName={screenName}",""
"passed","Wed May 21 11:37:29 EEST 2025","Wed May 21 11:37:29 EEST 2025","84","BaseSuite","TestDataPreparation","preparation.TestDataPreparationTest","preparation.TestDataPreparationTest","prepareTestData","GET /player/create/{editor}?age={age}&gender={gender}&login={login}&password={password}&role={role}&screenName={screenName}",""
"passed","Wed May 21 11:37:33 EEST 2025","Wed May 21 11:37:33 EEST 2025","84","BaseSuite","MainTests","tests.functional.negative.PlayerUpdateTest","tests.functional.negative.PlayerUpdateTest","updateNegative","PATCH /player/get/{editor}/{id}",""
"failed","Wed May 21 11:37:32 EEST 2025","Wed May 21 11:37:32 EEST 2025","95","BaseSuite","MainTests","tests.functional.positive.PlayerUpdateTest","tests.functional.positive.PlayerUpdateTest","updatePlayersPositive","PATCH /player/get/{editor}/{id}",""
"failed","Wed May 21 11:37:33 EEST 2025","Wed May 21 11:37:33 EEST 2025","80","BaseSuite","MainTests","tests.functional.negative.PlayerCreateTest","tests.functional.negative.PlayerCreateTest","createNegative","GET /player/create/{editor}?age={age}&gender={gender}&login={login}&password={password}&role={role}&screenName={screenName}",""
"passed","Wed May 21 11:37:31 EEST 2025","Wed May 21 11:37:31 EEST 2025","161","BaseSuite","MainTests","tests.smoke.PlayerDeleteTest","tests.smoke.PlayerDeleteTest","deletePlayer","DELETE /player/delete/{editor}","Deleting existed player"
"passed","Wed May 21 11:37:30 EEST 2025","Wed May 21 11:37:30 EEST 2025","84","BaseSuite","TestDataPreparation","preparation.TestDataPreparationTest","preparation.TestDataPreparationTest","prepareTestData","GET /player/create/{editor}?age={age}&gender={gender}&login={login}&password={password}&role={role}&screenName={screenName}",""
"passed","Wed May 21 11:37:29 EEST 2025","Wed May 21 11:37:29 EEST 2025","87","BaseSuite","TestDataPreparation","preparation.TestDataPreparationTest","preparation.TestDataPreparationTest","prepareTestData","GET /player/create/{editor}?age={age}&gender={gender}&login={login}&password={password}&role={role}&screenName={screenName}",""
"failed","Wed May 21 11:37:33 EEST 2025","Wed May 21 11:37:33 EEST 2025","82","BaseSuite","MainTests","tests.functional.negative.PlayerCreateTest","tests.functional.negative.PlayerCreateTest","createNegative","GET /player/create/{editor}?age={age}&gender={gender}&login={login}&password={password}&role={role}&screenName={screenName}",""
"passed","Wed May 21 11:37:33 EEST 2025","Wed May 21 11:37:33 EEST 2025","81","BaseSuite","MainTests","tests.functional.negative.PlayerUpdateTest","tests.functional.negative.PlayerUpdateTest","updateNegative","PATCH /player/get/{editor}/{id}",""
"passed","Wed May 21 11:37:28 EEST 2025","Wed May 21 11:37:28 EEST 2025","83","BaseSuite","TestDataPreparation","preparation.TestDataPreparationTest","preparation.TestDataPreparationTest","prepareTestData","GET /player/create/{editor}?age={age}&gender={gender}&login={login}&password={password}&role={role}&screenName={screenName}",""
"passed","Wed May 21 11:37:31 EEST 2025","Wed May 21 11:37:32 EEST 2025","560","BaseSuite","MainTests","tests.e2e.E2ETest","tests.e2e.E2ETest","completeFlowTest","Check all endpoints together",""
"failed","Wed May 21 11:37:33 EEST 2025","Wed May 21 11:37:33 EEST 2025","90","BaseSuite","MainTests","tests.functional.negative.PlayerCreateTest","tests.functional.negative.PlayerCreateTest","createNegative","GET /player/create/{editor}?age={age}&gender={gender}&login={login}&password={password}&role={role}&screenName={screenName}",""
"passed","Wed May 21 11:37:30 EEST 2025","Wed May 21 11:37:30 EEST 2025","81","BaseSuite","TestDataPreparation","preparation.TestDataPreparationTest","preparation.TestDataPreparationTest","prepareTestData","GET /player/create/{editor}?age={age}&gender={gender}&login={login}&password={password}&role={role}&screenName={screenName}",""
"passed","Wed May 21 11:37:29 EEST 2025","Wed May 21 11:37:29 EEST 2025","145","BaseSuite","TestDataPreparation","preparation.TestDataPreparationTest","preparation.TestDataPreparationTest","prepareTestData","GET /player/create/{editor}?age={age}&gender={gender}&login={login}&password={password}&role={role}&screenName={screenName}",""
"failed","Wed May 21 11:37:33 EEST 2025","Wed May 21 11:37:33 EEST 2025","84","BaseSuite","MainTests","tests.functional.negative.PlayerCreateTest","tests.functional.negative.PlayerCreateTest","createNegative","GET /player/create/{editor}?age={age}&gender={gender}&login={login}&password={password}&role={role}&screenName={screenName}",""
"passed","Wed May 21 11:37:29 EEST 2025","Wed May 21 11:37:29 EEST 2025","89","BaseSuite","TestDataPreparation","preparation.TestDataPreparationTest","preparation.TestDataPreparationTest","prepareTestData","GET /player/create/{editor}?age={age}&gender={gender}&login={login}&password={password}&role={role}&screenName={screenName}",""
"failed","Wed May 21 11:37:32 EEST 2025","Wed May 21 11:37:32 EEST 2025","101","BaseSuite","MainTests","tests.functional.negative.PlayerTest","tests.functional.negative.PlayerTest","getNotExistedPlayer","POST /player/get",""
"failed","Wed May 21 11:37:32 EEST 2025","Wed May 21 11:37:32 EEST 2025","93","BaseSuite","MainTests","tests.functional.positive.PlayerDaleteTest","tests.functional.positive.PlayerDaleteTest","deletePlayersPositive","DELETE /player/delete/{editor}",""
"broken","Wed May 21 11:37:32 EEST 2025","Wed May 21 11:37:32 EEST 2025","97","BaseSuite","MainTests","tests.functional.positive.PlayerGetTest","tests.functional.positive.PlayerGetTest","getPlayer","POST /player/get",""
"failed","Wed May 21 11:37:31 EEST 2025","Wed May 21 11:37:31 EEST 2025","93","BaseSuite","MainTests","tests.functional.positive.PlayerDaleteTest","tests.functional.positive.PlayerDaleteTest","deletePlayersPositive","DELETE /player/delete/{editor}",""
"passed","Wed May 21 11:37:33 EEST 2025","Wed May 21 11:37:33 EEST 2025","92","BaseSuite","MainTests","tests.functional.negative.PlayerUpdateTest","tests.functional.negative.PlayerUpdateTest","updateNegative","PATCH /player/get/{editor}/{id}",""
"passed","Wed May 21 11:37:28 EEST 2025","Wed May 21 11:37:28 EEST 2025","88","BaseSuite","TestDataPreparation","preparation.TestDataPreparationTest","preparation.TestDataPreparationTest","prepareTestData","GET /player/create/{editor}?age={age}&gender={gender}&login={login}&password={password}&role={role}&screenName={screenName}",""
"passed","Wed May 21 11:37:31 EEST 2025","Wed May 21 11:37:31 EEST 2025","85","BaseSuite","TestDataPreparation","preparation.TestDataPreparationTest","preparation.TestDataPreparationTest","prepareTestData","GET /player/create/{editor}?age={age}&gender={gender}&login={login}&password={password}&role={role}&screenName={screenName}",""
"passed","Wed May 21 11:37:28 EEST 2025","Wed May 21 11:37:28 EEST 2025","86","BaseSuite","TestDataPreparation","preparation.TestDataPreparationTest","preparation.TestDataPreparationTest","prepareTestData","GET /player/create/{editor}?age={age}&gender={gender}&login={login}&password={password}&role={role}&screenName={screenName}",""
"failed","Wed May 21 11:37:31 EEST 2025","Wed May 21 11:37:31 EEST 2025","92","BaseSuite","MainTests","tests.functional.positive.PlayerDaleteTest","tests.functional.positive.PlayerDaleteTest","deletePlayersPositive","DELETE /player/delete/{editor}",""
"passed","Wed May 21 11:37:32 EEST 2025","Wed May 21 11:37:32 EEST 2025","104","BaseSuite","MainTests","tests.functional.negative.PlayerDeleteTest","tests.functional.negative.PlayerDeleteTest","deleteNegative","DELETE /player/delete/{editor}",""
"passed","Wed May 21 11:37:30 EEST 2025","Wed May 21 11:37:30 EEST 2025","85","BaseSuite","TestDataPreparation","preparation.TestDataPreparationTest","preparation.TestDataPreparationTest","prepareTestData","GET /player/create/{editor}?age={age}&gender={gender}&login={login}&password={password}&role={role}&screenName={screenName}",""
