[{"uid":"ae75a251cb2b1b23","name":"PATCH /player/get/{editor}/{id}","time":{"start":1747816652984,"stop":1747816653083,"duration":99},"status":"failed","severity":"normal"},{"uid":"51352a71b7dd458c","name":"GET /player/create/{editor}?age={age}&gender={gender}&login={login}&password={password}&role={role}&screenName={screenName}","time":{"start":1747816649637,"stop":1747816649925,"duration":288},"status":"passed","severity":"normal"},{"uid":"86f753b7774f48c4","name":"GET /player/create/{editor}?age={age}&gender={gender}&login={login}&password={password}&role={role}&screenName={screenName}","time":{"start":1747816649926,"stop":1747816650131,"duration":205},"status":"passed","severity":"normal"},{"uid":"7fdc2b441baa739e","name":"PATCH /player/get/{editor}/{id}","time":{"start":1747816653520,"stop":1747816653602,"duration":82},"status":"failed","severity":"normal"},{"uid":"1cc9ecfa073c4700","name":"GET /player/create/{editor}?age={age}&gender={gender}&login={login}&password={password}&role={role}&screenName={screenName}","time":{"start":1747816650814,"stop":1747816650896,"duration":82},"status":"passed","severity":"normal"},{"uid":"7f9610b2a75bc232","name":"GET /player/create/{editor}?age={age}&gender={gender}&login={login}&password={password}&role={role}&screenName={screenName}","time":{"start":1747816653344,"stop":1747816653426,"duration":82},"status":"failed","severity":"normal"},{"uid":"fe03569906ccf0e3","name":"DELETE /player/delete/{editor}","time":{"start":1747816652681,"stop":1747816652784,"duration":103},"status":"passed","severity":"normal"},{"uid":"62e7e3b53853f0cc","name":"PATCH /player/get/{editor}/{id}","time":{"start":1747816653182,"stop":1747816653268,"duration":86},"status":"failed","severity":"normal"},{"uid":"b5c95cb9dde69355","name":"DELETE /player/delete/{editor}","time":{"start":1747816651979,"stop":1747816652068,"duration":89},"status":"failed","severity":"normal"},{"uid":"707f0c910a420b5f","name":"GET /player/create/{editor}?age={age}&gender={gender}&login={login}&password={password}&role={role}&screenName={screenName}","time":{"start":1747816653603,"stop":1747816653686,"duration":83},"status":"failed","severity":"normal"},{"uid":"1952a6b548cc3913","name":"GET /player/create/{editor}?age={age}&gender={gender}&login={login}&password={password}&role={role}&screenName={screenName}","time":{"start":1747816652890,"stop":1747816652981,"duration":91},"status":"passed","severity":"normal"},{"uid":"44aa9e48ba52452f","name":"GET /player/create/{editor}?age={age}&gender={gender}&login={login}&password={password}&role={role}&screenName={screenName}","time":{"start":1747816648876,"stop":1747816648964,"duration":88},"status":"passed","severity":"normal"},{"uid":"940685768e61c8db","name":"GET /player/create/{editor}?age={age}&gender={gender}&login={login}&password={password}&role={role}&screenName={screenName}","time":{"start":1747816649224,"stop":1747816649309,"duration":85},"status":"passed","severity":"normal"},{"uid":"fc808bb389bd93fe","name":"PATCH /player/get/{editor}/{id}","time":{"start":1747816652786,"stop":1747816652889,"duration":103},"status":"failed","severity":"normal"},{"uid":"a8e1a7242f8bfac6","name":"GET /player/create/{editor}?age={age}&gender={gender}&login={login}&password={password}&role={role}&screenName={screenName}","time":{"start":1747816651064,"stop":1747816651144,"duration":80},"status":"passed","severity":"normal"},{"uid":"2defe596ed277d63","name":"GET /player/create/{editor}?age={age}&gender={gender}&login={login}&password={password}&role={role}&screenName={screenName}","time":{"start":1747816650561,"stop":1747816650643,"duration":82},"status":"passed","severity":"normal"},{"uid":"5880a48444ca0d40","name":"GET /player/create/{editor}?age={age}&gender={gender}&login={login}&password={password}&role={role}&screenName={screenName}","time":{"start":1747816648966,"stop":1747816649051,"duration":85},"status":"passed","severity":"normal"},{"uid":"fb74e948b1b84f88","name":"GET /player/create/{editor}?age={age}&gender={gender}&login={login}&password={password}&role={role}&screenName={screenName}","time":{"start":1747816652573,"stop":1747816652681,"duration":108},"status":"failed","severity":"normal"},{"uid":"c3e1b7b25414d5ca","name":"PATCH /player/get/{editor}/{id}","time":{"start":1747816652166,"stop":1747816652265,"duration":99},"status":"broken","severity":"normal"},{"uid":"ffea2869682a4c79","name":"GET /player/create/{editor}?age={age}&gender={gender}&login={login}&password={password}&role={role}&screenName={screenName}","time":{"start":1747816650132,"stop":1747816650224,"duration":92},"status":"passed","severity":"normal"},{"uid":"2fb5812701f22c15","name":"GET /player/create/{editor}?age={age}&gender={gender}&login={login}&password={password}&role={role}&screenName={screenName}","time":{"start":1747816652786,"stop":1747816652889,"duration":103},"status":"passed","severity":"normal"},{"uid":"a021ca7783f9b31","name":"PATCH /player/get/{editor}/{id}","time":{"start":1747816651781,"stop":1747816651979,"duration":198},"status":"failed","severity":"normal"},{"uid":"377ba17a1b43f80e","name":"GET /player/create/{editor}?age={age}&gender={gender}&login={login}&password={password}&role={role}&screenName={screenName}","time":{"start":1747816652684,"stop":1747816652784,"duration":100},"status":"failed","severity":"normal"},{"uid":"6ff232f1d10292f3","name":"PATCH /player/get/{editor}/{id}","time":{"start":1747816652374,"stop":1747816652495,"duration":121},"status":"failed","severity":"normal"},{"uid":"6acb3dc1c8f99075","name":"GET /player/create/{editor}?age={age}&gender={gender}&login={login}&password={password}&role={role}&screenName={screenName}","time":{"start":1747816650981,"stop":1747816651063,"duration":82},"status":"passed","severity":"normal"},{"uid":"34533724f400d7d3","name":"GET /player/create/{editor}?age={age}&gender={gender}&login={login}&password={password}&role={role}&screenName={screenName}","time":{"start":1747816650644,"stop":1747816650726,"duration":82},"status":"passed","severity":"normal"},{"uid":"9671cbe536ab4954","name":"GET /player/create/{editor}?age={age}&gender={gender}&login={login}&password={password}&role={role}&screenName={screenName}","time":{"start":1747816650391,"stop":1747816650475,"duration":84},"status":"passed","severity":"normal"},{"uid":"a9f0ecabfdbf5f3a","name":"GET /player/create/{editor}?age={age}&gender={gender}&login={login}&password={password}&role={role}&screenName={screenName}","time":{"start":1747816648257,"stop":1747816648347,"duration":90},"status":"passed","severity":"normal"},{"uid":"9642ee0773f63ce3","name":"PATCH /player/get/{editor}/{id}","time":{"start":1747816652267,"stop":1747816652372,"duration":105},"status":"broken","severity":"normal"},{"uid":"d6a1875b0d788d74","name":"DELETE /player/delete/{editor}","time":{"start":1747816652487,"stop":1747816652576,"duration":89},"status":"passed","severity":"normal"},{"uid":"ffad476b7cd0369a","name":"GET /player/create/{editor}?age={age}&gender={gender}&login={login}&password={password}&role={role}&screenName={screenName}","time":{"start":1747816648109,"stop":1747816648221,"duration":112},"status":"passed","severity":"normal"},{"uid":"148b4dbf62259613","name":"GET /player/create/{editor}?age={age}&gender={gender}&login={login}&password={password}&role={role}&screenName={screenName}","time":{"start":1747816648788,"stop":1747816648874,"duration":86},"status":"passed","severity":"normal"},{"uid":"132a23ad85dab09","name":"GET /player/create/{editor}?age={age}&gender={gender}&login={login}&password={password}&role={role}&screenName={screenName}","time":{"start":1747816652164,"stop":1747816652372,"duration":208},"status":"passed","severity":"normal"},{"uid":"62b6610bbf6e9071","name":"GET /player/create/{editor}?age={age}&gender={gender}&login={login}&password={password}&role={role}&screenName={screenName}","time":{"start":1747816648698,"stop":1747816648786,"duration":88},"status":"passed","severity":"normal"},{"uid":"9ec2f2374df3d904","name":"GET /player/create/{editor}?age={age}&gender={gender}&login={login}&password={password}&role={role}&screenName={screenName}","time":{"start":1747816650897,"stop":1747816650979,"duration":82},"status":"passed","severity":"normal"},{"uid":"6f1d77e2e0ccea7e","name":"PATCH /player/get/{editor}/{id}","time":{"start":1747816652890,"stop":1747816652983,"duration":93},"status":"failed","severity":"normal"},{"uid":"c283647d9d757566","name":"GET /player/create/{editor}?age={age}&gender={gender}&login={login}&password={password}&role={role}&screenName={screenName}","time":{"start":1747816653513,"stop":1747816653602,"duration":89},"status":"failed","severity":"normal"},{"uid":"bd376f25b03367b0","name":"GET /player/get/all","time":{"start":1747816652373,"stop":1747816652486,"duration":113},"status":"passed","severity":"normal"},{"uid":"ca57f0ff9f23ba51","name":"PATCH /player/get/{editor}/{id}","time":{"start":1747816653437,"stop":1747816653519,"duration":82},"status":"failed","severity":"normal"},{"uid":"2b3c444105947997","name":"POST /player/get","time":{"start":1747816651465,"stop":1747816651570,"duration":105},"status":"passed","severity":"normal"},{"uid":"9517ed4ced8ea42","name":"DELETE /player/delete/{editor}","time":{"start":1747816652577,"stop":1747816652679,"duration":102},"status":"passed","severity":"normal"},{"uid":"ae022ea6e9fc8612","name":"GET /player/create/{editor}?age={age}&gender={gender}&login={login}&password={password}&role={role}&screenName={screenName}","time":{"start":1747816651332,"stop":1747816651487,"duration":155},"status":"failed","severity":"normal"},{"uid":"3921c2d11e03ff22","name":"GET /player/create/{editor}?age={age}&gender={gender}&login={login}&password={password}&role={role}&screenName={screenName}","time":{"start":1747816653687,"stop":1747816653769,"duration":82},"status":"passed","severity":"normal"},{"uid":"edc28bb321b5c27f","name":"GET /player/create/{editor}?age={age}&gender={gender}&login={login}&password={password}&role={role}&screenName={screenName}","time":{"start":1747816648440,"stop":1747816648526,"duration":86},"status":"passed","severity":"normal"},{"uid":"746f4772d4e8541c","name":"GET /player/get/all","time":{"start":1747816651641,"stop":1747816651790,"duration":149},"status":"passed","severity":"normal"},{"uid":"1c2c3c054be83b7c","name":"GET /player/create/{editor}?age={age}&gender={gender}&login={login}&password={password}&role={role}&screenName={screenName}","time":{"start":1747816653770,"stop":1747816653864,"duration":94},"status":"passed","severity":"normal"},{"uid":"846989f641e23fc6","name":"PATCH /player/get/{editor}/{id}","time":{"start":1747816652594,"stop":1747816652681,"duration":87},"status":"failed","severity":"normal"},{"uid":"a0fc888d2530411d","name":"GET /player/create/{editor}?age={age}&gender={gender}&login={login}&password={password}&role={role}&screenName={screenName}","time":{"start":1747816652373,"stop":1747816652572,"duration":199},"status":"passed","severity":"normal"},{"uid":"c7e023707f21370f","name":"GET /player/create/{editor}?age={age}&gender={gender}&login={login}&password={password}&role={role}&screenName={screenName}","time":{"start":1747816650307,"stop":1747816650390,"duration":83},"status":"passed","severity":"normal"},{"uid":"b2fb58cdb7ef8536","name":"GET /player/create/{editor}?age={age}&gender={gender}&login={login}&password={password}&role={role}&screenName={screenName}","time":{"start":1747816651231,"stop":1747816651313,"duration":82},"status":"passed","severity":"normal"},{"uid":"43086011ae491321","name":"GET /player/create/{editor}?age={age}&gender={gender}&login={login}&password={password}&role={role}&screenName={screenName}","time":{"start":1747816649138,"stop":1747816649223,"duration":85},"status":"passed","severity":"normal"},{"uid":"80a6d51701bacf9e","name":"GET /player/create/{editor}?age={age}&gender={gender}&login={login}&password={password}&role={role}&screenName={screenName}","time":{"start":1747816652982,"stop":1747816653083,"duration":101},"status":"passed","severity":"normal"},{"uid":"587652410b13e348","name":"GET /player/create/{editor}?age={age}&gender={gender}&login={login}&password={password}&role={role}&screenName={screenName}","time":{"start":1747816649053,"stop":1747816649137,"duration":84},"status":"passed","severity":"normal"},{"uid":"ab1886fc146cf826","name":"PATCH /player/get/{editor}/{id}","time":{"start":1747816653352,"stop":1747816653436,"duration":84},"status":"passed","severity":"normal"},{"uid":"491f94b124c3e9af","name":"PATCH /player/get/{editor}/{id}","time":{"start":1747816652497,"stop":1747816652592,"duration":95},"status":"failed","severity":"normal"},{"uid":"f55bd353957e2341","name":"GET /player/create/{editor}?age={age}&gender={gender}&login={login}&password={password}&role={role}&screenName={screenName}","time":{"start":1747816653180,"stop":1747816653260,"duration":80},"status":"failed","severity":"normal"},{"uid":"a81668f389883a67","name":"DELETE /player/delete/{editor}","time":{"start":1747816651473,"stop":1747816651634,"duration":161},"status":"passed","severity":"normal"},{"uid":"c4cba700edff82fe","name":"GET /player/create/{editor}?age={age}&gender={gender}&login={login}&password={password}&role={role}&screenName={screenName}","time":{"start":1747816650476,"stop":1747816650560,"duration":84},"status":"passed","severity":"normal"},{"uid":"1b2bd40a754824d6","name":"GET /player/create/{editor}?age={age}&gender={gender}&login={login}&password={password}&role={role}&screenName={screenName}","time":{"start":1747816649310,"stop":1747816649397,"duration":87},"status":"passed","severity":"normal"},{"uid":"49147d3408bfbf0b","name":"GET /player/create/{editor}?age={age}&gender={gender}&login={login}&password={password}&role={role}&screenName={screenName}","time":{"start":1747816653261,"stop":1747816653343,"duration":82},"status":"failed","severity":"normal"},{"uid":"4ebceb47d9344e4f","name":"PATCH /player/get/{editor}/{id}","time":{"start":1747816653270,"stop":1747816653351,"duration":81},"status":"passed","severity":"normal"},{"uid":"8bcdbd1303584e8c","name":"GET /player/create/{editor}?age={age}&gender={gender}&login={login}&password={password}&role={role}&screenName={screenName}","time":{"start":1747816648614,"stop":1747816648697,"duration":83},"status":"passed","severity":"normal"},{"uid":"dd1e9e46d06c1837","name":"Check all endpoints together","time":{"start":1747816651705,"stop":1747816652265,"duration":560},"status":"passed","severity":"normal"},{"uid":"2497cff5e4425496","name":"GET /player/create/{editor}?age={age}&gender={gender}&login={login}&password={password}&role={role}&screenName={screenName}","time":{"start":1747816653084,"stop":1747816653174,"duration":90},"status":"failed","severity":"normal"},{"uid":"b3b82a5986e7af7a","name":"GET /player/create/{editor}?age={age}&gender={gender}&login={login}&password={password}&role={role}&screenName={screenName}","time":{"start":1747816650225,"stop":1747816650306,"duration":81},"status":"passed","severity":"normal"},{"uid":"9ae642741f578b66","name":"GET /player/create/{editor}?age={age}&gender={gender}&login={login}&password={password}&role={role}&screenName={screenName}","time":{"start":1747816649489,"stop":1747816649634,"duration":145},"status":"passed","severity":"normal"},{"uid":"72fa0ce16611a4d4","name":"GET /player/create/{editor}?age={age}&gender={gender}&login={login}&password={password}&role={role}&screenName={screenName}","time":{"start":1747816653428,"stop":1747816653512,"duration":84},"status":"failed","severity":"normal"},{"uid":"526535b1e888f189","name":"GET /player/create/{editor}?age={age}&gender={gender}&login={login}&password={password}&role={role}&screenName={screenName}","time":{"start":1747816649398,"stop":1747816649487,"duration":89},"status":"passed","severity":"normal"},{"uid":"b7fdef6c29da581b","name":"POST /player/get","time":{"start":1747816652683,"stop":1747816652784,"duration":101},"status":"failed","severity":"normal"},{"uid":"15a182d514d569f0","name":"DELETE /player/delete/{editor}","time":{"start":1747816652070,"stop":1747816652163,"duration":93},"status":"failed","severity":"normal"},{"uid":"93ffad6f7e2c7c87","name":"POST /player/get","time":{"start":1747816652067,"stop":1747816652164,"duration":97},"status":"broken","severity":"normal"},{"uid":"48db31e1710f7352","name":"DELETE /player/delete/{editor}","time":{"start":1747816651885,"stop":1747816651978,"duration":93},"status":"failed","severity":"normal"},{"uid":"5b03a3246ee1a855","name":"PATCH /player/get/{editor}/{id}","time":{"start":1747816653084,"stop":1747816653176,"duration":92},"status":"passed","severity":"normal"},{"uid":"7597feea10e7288b","name":"GET /player/create/{editor}?age={age}&gender={gender}&login={login}&password={password}&role={role}&screenName={screenName}","time":{"start":1747816648350,"stop":1747816648438,"duration":88},"status":"passed","severity":"normal"},{"uid":"1f26962088ac46f3","name":"GET /player/create/{editor}?age={age}&gender={gender}&login={login}&password={password}&role={role}&screenName={screenName}","time":{"start":1747816651145,"stop":1747816651230,"duration":85},"status":"passed","severity":"normal"},{"uid":"11a8da4dd541a423","name":"GET /player/create/{editor}?age={age}&gender={gender}&login={login}&password={password}&role={role}&screenName={screenName}","time":{"start":1747816648527,"stop":1747816648613,"duration":86},"status":"passed","severity":"normal"},{"uid":"9cfb9a18c9331d0b","name":"DELETE /player/delete/{editor}","time":{"start":1747816651791,"stop":1747816651883,"duration":92},"status":"failed","severity":"normal"},{"uid":"aa51e911021bc9da","name":"DELETE /player/delete/{editor}","time":{"start":1747816652785,"stop":1747816652889,"duration":104},"status":"passed","severity":"normal"},{"uid":"7c81cf32ead51781","name":"GET /player/create/{editor}?age={age}&gender={gender}&login={login}&password={password}&role={role}&screenName={screenName}","time":{"start":1747816650727,"stop":1747816650812,"duration":85},"status":"passed","severity":"normal"}]