{"6d49fe7df7e81e7517698796a45805af":{"statistic":{"failed":0,"broken":0,"skipped":0,"passed":1,"unknown":0,"total":1},"items":[{"uid":"51352a71b7dd458c","status":"passed","time":{"start":1747816649637,"stop":1747816649925,"duration":288}}]},"6c3ec7b04f0a5d7327300a52df148ccc":{"statistic":{"failed":0,"broken":0,"skipped":0,"passed":1,"unknown":0,"total":1},"items":[{"uid":"1cc9ecfa073c4700","status":"passed","time":{"start":1747816650814,"stop":1747816650896,"duration":82}}]},"d3a7a977dec2f16ce65fb47c414a7ca9":{"statistic":{"failed":0,"broken":0,"skipped":0,"passed":1,"unknown":0,"total":1},"items":[{"uid":"1b2bd40a754824d6","status":"passed","time":{"start":1747816649310,"stop":1747816649397,"duration":87}}]},"7c7cb5a9b0ff37a359c8c5ff8d894ca9":{"statistic":{"failed":0,"broken":0,"skipped":0,"passed":1,"unknown":0,"total":1},"items":[{"uid":"746f4772d4e8541c","status":"passed","time":{"start":1747816651641,"stop":1747816651790,"duration":149}}]},"38285ff547cef3f65343a812036f0037":{"statistic":{"failed":0,"broken":0,"skipped":0,"passed":1,"unknown":0,"total":1},"items":[{"uid":"86f753b7774f48c4","status":"passed","time":{"start":1747816649926,"stop":1747816650131,"duration":205}}]},"34046aef71deabe339a817f4640fd570":{"statistic":{"failed":0,"broken":0,"skipped":0,"passed":1,"unknown":0,"total":1},"items":[{"uid":"1f26962088ac46f3","status":"passed","time":{"start":1747816651145,"stop":1747816651230,"duration":85}}]},"2c590965f2adda8f7f809d78a0c68655":{"statistic":{"failed":0,"broken":0,"skipped":0,"passed":1,"unknown":0,"total":1},"items":[{"uid":"9ae642741f578b66","status":"passed","time":{"start":1747816649489,"stop":1747816649634,"duration":145}}]},"7a2375716e9004d740962e469b1a7e65":{"statistic":{"failed":1,"broken":0,"skipped":0,"passed":0,"unknown":0,"total":1},"items":[{"uid":"62e7e3b53853f0cc","status":"failed","statusDetails":"Response code is not like expected for the negative test case: Update player with role 'admin' by another 'admin'\nHTTP/1.1 200  - {\"id\":1957305140,\"login\":\"adminUpdatedLogindenysord88_735000823\",\"screenName\":\"adminScreenNameUpdateddenysord88_735000823\",\"gender\":\"male\",\"age\":59,\"role\":\"admin\"} expected [403] but found [200]","time":{"start":1747816653182,"stop":1747816653268,"duration":86}}]},"5894fcf6f83d2055a187a8adb21fb61d":{"statistic":{"failed":0,"broken":0,"skipped":0,"passed":1,"unknown":0,"total":1},"items":[{"uid":"62b6610bbf6e9071","status":"passed","time":{"start":1747816648698,"stop":1747816648786,"duration":88}}]},"f6c0d09b85ab0c71d6bcd1323ff9f5a6":{"statistic":{"failed":1,"broken":0,"skipped":0,"passed":0,"unknown":0,"total":1},"items":[{"uid":"49147d3408bfbf0b","status":"failed","statusDetails":"Response code is not like expected for the negative test case: Create player with password with only digits\nHTTP/1.1 200  - {\"id\":1800967688,\"login\":\"userToCreatedenysord88_-890036205\",\"password\":null,\"screenName\":null,\"gender\":null,\"age\":null,\"role\":null} expected [400] but found [200]","time":{"start":1747816653261,"stop":1747816653343,"duration":82}}]},"ffc453fd8d7b6ab4501ee6c0c0e38df6":{"statistic":{"failed":0,"broken":0,"skipped":0,"passed":1,"unknown":0,"total":1},"items":[{"uid":"9671cbe536ab4954","status":"passed","time":{"start":1747816650391,"stop":1747816650475,"duration":84}}]},"c3155f3c7e1d4b80e7b2fa058ee56c1a":{"statistic":{"failed":0,"broken":0,"skipped":0,"passed":1,"unknown":0,"total":1},"items":[{"uid":"9517ed4ced8ea42","status":"passed","time":{"start":1747816652577,"stop":1747816652679,"duration":102}}]},"de20eda3316bdb12cb79d7230ba514b9":{"statistic":{"failed":1,"broken":0,"skipped":0,"passed":0,"unknown":0,"total":1},"items":[{"uid":"b5c95cb9dde69355","status":"failed","statusDetails":"Failed to delete player userToDeleteByAdmin with ID: 1715474641 by editor 'adminEditor': HTTP HTTP/1.1 403  -  expected [HTTP/1.1 204 ] but found [HTTP/1.1 403 ]","time":{"start":1747816651979,"stop":1747816652068,"duration":89}}]},"44dd143334a986182dc68b59bb0410c5":{"statistic":{"failed":1,"broken":0,"skipped":0,"passed":0,"unknown":0,"total":1},"items":[{"uid":"6f1d77e2e0ccea7e","status":"failed","statusDetails":"Response code is not like expected for the negative test case: Update player with age 60\nHTTP/1.1 200  -  expected [400] but found [200]","time":{"start":1747816652890,"stop":1747816652983,"duration":93}}]},"f5e771cd1734e11850e7d8b2a661a419":{"statistic":{"failed":0,"broken":0,"skipped":0,"passed":1,"unknown":0,"total":1},"items":[{"uid":"a9f0ecabfdbf5f3a","status":"passed","time":{"start":1747816648257,"stop":1747816648347,"duration":90}}]},"92a47b3fd193dc49aa32e2d046395ef7":{"statistic":{"failed":1,"broken":0,"skipped":0,"passed":0,"unknown":0,"total":1},"items":[{"uid":"7f9610b2a75bc232","status":"failed","statusDetails":"Response code is not like expected for the negative test case: Create player with password with only letters\nHTTP/1.1 200  - {\"id\":664382710,\"login\":\"userToCreatedenysord88_-863164723\",\"password\":null,\"screenName\":null,\"gender\":null,\"age\":null,\"role\":null} expected [400] but found [200]","time":{"start":1747816653344,"stop":1747816653426,"duration":82}}]},"719d602ac37231fa401d0ad84cfdac0e":{"statistic":{"failed":0,"broken":0,"skipped":0,"passed":1,"unknown":0,"total":1},"items":[{"uid":"a81668f389883a67","status":"passed","time":{"start":1747816651473,"stop":1747816651634,"duration":161}}]},"85557a62fe2a5c47cf81bc2ee29cc5aa":{"statistic":{"failed":0,"broken":0,"skipped":0,"passed":1,"unknown":0,"total":1},"items":[{"uid":"587652410b13e348","status":"passed","time":{"start":1747816649053,"stop":1747816649137,"duration":84}}]},"9abf9145efa0ce9cf3b88f4bfea791e4":{"statistic":{"failed":0,"broken":0,"skipped":0,"passed":1,"unknown":0,"total":1},"items":[{"uid":"a8e1a7242f8bfac6","status":"passed","time":{"start":1747816651064,"stop":1747816651144,"duration":80}}]},"da00b63c73fb9c0082b1da29961596b9":{"statistic":{"failed":1,"broken":0,"skipped":0,"passed":0,"unknown":0,"total":1},"items":[{"uid":"7fdc2b441baa739e","status":"failed","statusDetails":"Response code is not like expected for the negative test case: Update player with password length (16 characters)\nHTTP/1.1 200  - {\"id\":1561896735,\"login\":\"adminUpdatedLogindenysord88_843916719\",\"screenName\":\"adminScreenNameUpdateddenysord88_843916719\",\"gender\":\"male\",\"age\":59,\"role\":\"admin\"} expected [400] but found [200]","time":{"start":1747816653520,"stop":1747816653602,"duration":82}}]},"72542f84eb2128c98df6640c9c8c1dcc":{"statistic":{"failed":0,"broken":0,"skipped":0,"passed":1,"unknown":0,"total":1},"items":[{"uid":"5b03a3246ee1a855","status":"passed","time":{"start":1747816653084,"stop":1747816653176,"duration":92}}]},"1a51b00ee729b569f97125db020746e":{"statistic":{"failed":1,"broken":0,"skipped":0,"passed":0,"unknown":0,"total":1},"items":[{"uid":"ae022ea6e9fc8612","status":"failed","statusDetails":"\nPassword 'null' is not equal to 'testPassword1' from request. \nScreenName 'null' is not equal to 'testScreenName_denysord88_807873506' from request. \nGender 'null' is not equal to 'MALE' from request. \nAge 'null' is not equal to 18 from request. \nRole 'null' is not equal to 'USER' from request. \n expected [true] but found [false]","time":{"start":1747816651332,"stop":1747816651487,"duration":155}}]},"7e9d123d27dcb8fb16434ef1481be09f":{"statistic":{"failed":0,"broken":0,"skipped":0,"passed":1,"unknown":0,"total":1},"items":[{"uid":"fe03569906ccf0e3","status":"passed","time":{"start":1747816652681,"stop":1747816652784,"duration":103}}]},"4586729b084376a4324d8a7956c81b79":{"statistic":{"failed":1,"broken":0,"skipped":0,"passed":0,"unknown":0,"total":1},"items":[{"uid":"491f94b124c3e9af","status":"failed","statusDetails":"1 expectation failed.\nExpected status code <200> but was <403>.\n","time":{"start":1747816652497,"stop":1747816652592,"duration":95}}]},"9a26e344a929bb9256d3cd0d1db7b99a":{"statistic":{"failed":1,"broken":0,"skipped":0,"passed":0,"unknown":0,"total":1},"items":[{"uid":"6ff232f1d10292f3","status":"failed","statusDetails":"1 expectation failed.\nExpected status code <200> but was <403>.\n","time":{"start":1747816652374,"stop":1747816652495,"duration":121}}]},"fa2e5de34ef8c16cc54a1da2b5bea074":{"statistic":{"failed":1,"broken":0,"skipped":0,"passed":0,"unknown":0,"total":1},"items":[{"uid":"9cfb9a18c9331d0b","status":"failed","statusDetails":"Failed to delete player userToDelete with ID: 261496966 by editor 'supervisor': HTTP HTTP/1.1 403  -  expected [HTTP/1.1 204 ] but found [HTTP/1.1 403 ]","time":{"start":1747816651791,"stop":1747816651883,"duration":92}}]},"3a52b3b895b0ab3edc481964bf7698e4":{"statistic":{"failed":1,"broken":0,"skipped":0,"passed":0,"unknown":0,"total":1},"items":[{"uid":"ca57f0ff9f23ba51","status":"failed","statusDetails":"Response code is not like expected for the negative test case: Update player with minimum password length (6 characters)\nHTTP/1.1 200  - {\"id\":1299641583,\"login\":\"adminUpdatedLogindenysord88_816419626\",\"screenName\":\"adminScreenNameUpdateddenysord88_816419626\",\"gender\":\"male\",\"age\":59,\"role\":\"admin\"} expected [400] but found [200]","time":{"start":1747816653437,"stop":1747816653519,"duration":82}}]},"4be887a5b642c6bc121fd48bd0442b96":{"statistic":{"failed":0,"broken":1,"skipped":0,"passed":0,"unknown":0,"total":1},"items":[{"uid":"9642ee0773f63ce3","status":"broken","statusDetails":"Cannot parse content to class models.PlayerUpdateResponseDtoModel because no content-type was present in the response and no default parser has been set.\nYou can specify a default parser using e.g.:\nRestAssured.defaultParser = Parser.JSON;\n\nor you can specify an explicit ObjectMapper using as(class models.PlayerUpdateResponseDtoModel, <ObjectMapper>);","time":{"start":1747816652267,"stop":1747816652372,"duration":105}}]},"4b3f84716d414121595bf7f48f8c1c59":{"statistic":{"failed":0,"broken":0,"skipped":0,"passed":1,"unknown":0,"total":1},"items":[{"uid":"9ec2f2374df3d904","status":"passed","time":{"start":1747816650897,"stop":1747816650979,"duration":82}}]},"8d4b663ad1ff65f7ab3e42b9c31baed3":{"statistic":{"failed":1,"broken":0,"skipped":0,"passed":0,"unknown":0,"total":1},"items":[{"uid":"72fa0ce16611a4d4","status":"failed","statusDetails":"Response code is not like expected for the negative test case: Create player with password with not allowed characters ()!@#$%.&*+;%:?\nHTTP/1.1 200  - {\"id\":137759585,\"login\":\"userToCreatedenysord88_-836263450\",\"password\":null,\"screenName\":null,\"gender\":null,\"age\":null,\"role\":null} expected [400] but found [200]","time":{"start":1747816653428,"stop":1747816653512,"duration":84}}]},"c9e4ee878b61b941c87c8f9d22b92634":{"statistic":{"failed":0,"broken":0,"skipped":0,"passed":1,"unknown":0,"total":1},"items":[{"uid":"7c81cf32ead51781","status":"passed","time":{"start":1747816650727,"stop":1747816650812,"duration":85}}]},"57cfaee3e8df0c798822164d4759b7c":{"statistic":{"failed":1,"broken":0,"skipped":0,"passed":0,"unknown":0,"total":1},"items":[{"uid":"377ba17a1b43f80e","status":"failed","statusDetails":"1 expectation failed.\nExpected status code <200> but was <403>.\n","time":{"start":1747816652684,"stop":1747816652784,"duration":100}}]},"50d15212c0c7258433ba96d4726df86f":{"statistic":{"failed":0,"broken":1,"skipped":0,"passed":0,"unknown":0,"total":1},"items":[{"uid":"93ffad6f7e2c7c87","status":"broken","statusDetails":"Cannot parse content to class models.PlayerGetByPlayerIdResponseDtoModel because no content-type was present in the response and no default parser has been set.\nYou can specify a default parser using e.g.:\nRestAssured.defaultParser = Parser.JSON;\n\nor you can specify an explicit ObjectMapper using as(class models.PlayerGetByPlayerIdResponseDtoModel, <ObjectMapper>);","time":{"start":1747816652067,"stop":1747816652164,"duration":97}}]},"163f4343c356e2860d9a7423d1fd8de":{"statistic":{"failed":0,"broken":0,"skipped":0,"passed":1,"unknown":0,"total":1},"items":[{"uid":"d6a1875b0d788d74","status":"passed","time":{"start":1747816652487,"stop":1747816652576,"duration":89}}]},"702cf229b491f6444d66c75840ec0166":{"statistic":{"failed":0,"broken":0,"skipped":0,"passed":1,"unknown":0,"total":1},"items":[{"uid":"526535b1e888f189","status":"passed","time":{"start":1747816649398,"stop":1747816649487,"duration":89}}]},"6dafaecb38e569dd2082f8dcbb3dac02":{"statistic":{"failed":1,"broken":0,"skipped":0,"passed":0,"unknown":0,"total":1},"items":[{"uid":"15a182d514d569f0","status":"failed","statusDetails":"Failed to delete player adminToDeleteHimself with ID: 1503952963 by editor 'adminToDeleteHimself': HTTP HTTP/1.1 403  -  expected [HTTP/1.1 204 ] but found [HTTP/1.1 403 ]","time":{"start":1747816652070,"stop":1747816652163,"duration":93}}]},"63f5dd23f8c6cee76d723f6e79b94715":{"statistic":{"failed":0,"broken":0,"skipped":0,"passed":1,"unknown":0,"total":1},"items":[{"uid":"44aa9e48ba52452f","status":"passed","time":{"start":1747816648876,"stop":1747816648964,"duration":88}}]},"339bbcaeab552ceee130815b84aad7e0":{"statistic":{"failed":1,"broken":0,"skipped":0,"passed":0,"unknown":0,"total":1},"items":[{"uid":"f55bd353957e2341","status":"failed","statusDetails":"Response code is not like expected for the negative test case: Create player with gender 'wrong'\nHTTP/1.1 200  - {\"id\":109936600,\"login\":\"userToCreatedenysord88_-916848105\",\"password\":null,\"screenName\":null,\"gender\":null,\"age\":null,\"role\":null} expected [400] but found [200]","time":{"start":1747816653180,"stop":1747816653260,"duration":80}}]},"94ba3b78c7c39e078d84e78e8b64f5fd":{"statistic":{"failed":0,"broken":0,"skipped":0,"passed":1,"unknown":0,"total":1},"items":[{"uid":"c4cba700edff82fe","status":"passed","time":{"start":1747816650476,"stop":1747816650560,"duration":84}}]},"3766b9f0d0b986807e944a4f5d077450":{"statistic":{"failed":1,"broken":0,"skipped":0,"passed":0,"unknown":0,"total":1},"items":[{"uid":"fc808bb389bd93fe","status":"failed","statusDetails":"Response code is not like expected for the negative test case: Update player with age 16\nHTTP/1.1 200  -  expected [400] but found [200]","time":{"start":1747816652786,"stop":1747816652889,"duration":103}}]},"9a770789fcc2a780b35a295d3fce47ff":{"statistic":{"failed":0,"broken":0,"skipped":0,"passed":1,"unknown":0,"total":1},"items":[{"uid":"ffea2869682a4c79","status":"passed","time":{"start":1747816650132,"stop":1747816650224,"duration":92}}]},"757e4223e4c6c6b37e407b98edc819ac":{"statistic":{"failed":0,"broken":0,"skipped":0,"passed":1,"unknown":0,"total":1},"items":[{"uid":"2b3c444105947997","status":"passed","time":{"start":1747816651465,"stop":1747816651570,"duration":105}}]},"db73c571e168e678b073f359a668cd2":{"statistic":{"failed":0,"broken":0,"skipped":0,"passed":1,"unknown":0,"total":1},"items":[{"uid":"c7e023707f21370f","status":"passed","time":{"start":1747816650307,"stop":1747816650390,"duration":83}}]},"ace949713f1ec33e6e714dd3d9e799fc":{"statistic":{"failed":0,"broken":0,"skipped":0,"passed":1,"unknown":0,"total":1},"items":[{"uid":"b3b82a5986e7af7a","status":"passed","time":{"start":1747816650225,"stop":1747816650306,"duration":81}}]},"5f50c5dbb822b764ebadef7ba596b3bc":{"statistic":{"failed":0,"broken":0,"skipped":0,"passed":1,"unknown":0,"total":1},"items":[{"uid":"aa51e911021bc9da","status":"passed","time":{"start":1747816652785,"stop":1747816652889,"duration":104}}]},"b021383afae408f90dd8589d0bf3c5ec":{"statistic":{"failed":1,"broken":0,"skipped":0,"passed":0,"unknown":0,"total":1},"items":[{"uid":"b7fdef6c29da581b","status":"failed","statusDetails":"User shouldn't be found expected [404] but found [200]","time":{"start":1747816652683,"stop":1747816652784,"duration":101}}]},"f4ae91072821f742b230934cf5adc055":{"statistic":{"failed":0,"broken":0,"skipped":0,"passed":1,"unknown":0,"total":1},"items":[{"uid":"8bcdbd1303584e8c","status":"passed","time":{"start":1747816648614,"stop":1747816648697,"duration":83}}]},"e666d8af3819c4a7d52eccf72552be61":{"statistic":{"failed":0,"broken":0,"skipped":0,"passed":1,"unknown":0,"total":1},"items":[{"uid":"34533724f400d7d3","status":"passed","time":{"start":1747816650644,"stop":1747816650726,"duration":82}}]},"4d3f849d05da04803c1b5f60394aa74":{"statistic":{"failed":1,"broken":0,"skipped":0,"passed":0,"unknown":0,"total":1},"items":[{"uid":"a021ca7783f9b31","status":"failed","statusDetails":"\nResponse of PATCH request is not equal to values from request: \nRole 'USER' is not equal to 'ADMIN' from request. Supervisor can't make admin from user \n expected [true] but found [false]","time":{"start":1747816651781,"stop":1747816651979,"duration":198}}]},"a53f1fedb81a36cd8e6122dc1a3f28f7":{"statistic":{"failed":0,"broken":0,"skipped":0,"passed":1,"unknown":0,"total":1},"items":[{"uid":"ffad476b7cd0369a","status":"passed","time":{"start":1747816648109,"stop":1747816648221,"duration":112}}]},"11bc7d024f069804c8c51926726cf4b4":{"statistic":{"failed":0,"broken":0,"skipped":0,"passed":1,"unknown":0,"total":1},"items":[{"uid":"80a6d51701bacf9e","status":"passed","time":{"start":1747816652982,"stop":1747816653083,"duration":101}}]},"b89c1086b6c7218d5c51606bbaced345":{"statistic":{"failed":0,"broken":0,"skipped":0,"passed":1,"unknown":0,"total":1},"items":[{"uid":"dd1e9e46d06c1837","status":"passed","time":{"start":1747816651705,"stop":1747816652265,"duration":560}}]},"b92a6b28d3c6e4a4e9e6e435c747c68":{"statistic":{"failed":1,"broken":0,"skipped":0,"passed":0,"unknown":0,"total":1},"items":[{"uid":"707f0c910a420b5f","status":"failed","statusDetails":"Response code is not like expected for the negative test case: Create player with password 16 characters long\nHTTP/1.1 200  - {\"id\":502113187,\"login\":\"userToCreatedenysord88_-781001145\",\"password\":null,\"screenName\":null,\"gender\":null,\"age\":null,\"role\":null} expected [400] but found [200]","time":{"start":1747816653603,"stop":1747816653686,"duration":83}}]},"4ba4401eeef90a5f873b021563dd6a0b":{"statistic":{"failed":0,"broken":0,"skipped":0,"passed":1,"unknown":0,"total":1},"items":[{"uid":"b2fb58cdb7ef8536","status":"passed","time":{"start":1747816651231,"stop":1747816651313,"duration":82}}]},"86bdb50678046eb8d5184da85364957f":{"statistic":{"failed":0,"broken":0,"skipped":0,"passed":1,"unknown":0,"total":1},"items":[{"uid":"4ebceb47d9344e4f","status":"passed","time":{"start":1747816653270,"stop":1747816653351,"duration":81}}]},"391d908cca43a9535ed047bf9028c6bf":{"statistic":{"failed":0,"broken":0,"skipped":0,"passed":1,"unknown":0,"total":1},"items":[{"uid":"7597feea10e7288b","status":"passed","time":{"start":1747816648350,"stop":1747816648438,"duration":88}}]},"fea8e1a75a343b626f7d1c511a411a68":{"statistic":{"failed":0,"broken":0,"skipped":0,"passed":1,"unknown":0,"total":1},"items":[{"uid":"43086011ae491321","status":"passed","time":{"start":1747816649138,"stop":1747816649223,"duration":85}}]},"83f263a79d8d2fec3bc0a2a320df0ae3":{"statistic":{"failed":1,"broken":0,"skipped":0,"passed":0,"unknown":0,"total":1},"items":[{"uid":"ae75a251cb2b1b23","status":"failed","statusDetails":"Response code is not like expected for the negative test case: Update player with wrong gender\nHTTP/1.1 200  -  expected [400] but found [200]","time":{"start":1747816652984,"stop":1747816653083,"duration":99}}]},"1c5050ff23241376a86b2457ad1c9bea":{"statistic":{"failed":1,"broken":0,"skipped":0,"passed":0,"unknown":0,"total":1},"items":[{"uid":"fb74e948b1b84f88","status":"failed","statusDetails":"1 expectation failed.\nExpected status code <200> but was <403>.\n","time":{"start":1747816652573,"stop":1747816652681,"duration":108}}]},"c9c3ad4ec8a70b076affa37dbc2acbc6":{"statistic":{"failed":0,"broken":0,"skipped":0,"passed":1,"unknown":0,"total":1},"items":[{"uid":"132a23ad85dab09","status":"passed","time":{"start":1747816652164,"stop":1747816652372,"duration":208}}]},"a89eee2bbd7962d5a6e2b44fe4e140e8":{"statistic":{"failed":0,"broken":0,"skipped":0,"passed":1,"unknown":0,"total":1},"items":[{"uid":"1952a6b548cc3913","status":"passed","time":{"start":1747816652890,"stop":1747816652981,"duration":91}}]},"dcfddadc54a761a66077e1a09319a140":{"statistic":{"failed":1,"broken":0,"skipped":0,"passed":0,"unknown":0,"total":1},"items":[{"uid":"c283647d9d757566","status":"failed","statusDetails":"Response code is not like expected for the negative test case: Create player with password 6 characters long\nHTTP/1.1 200  - {\"id\":233915606,\"login\":\"userToCreatedenysord88_-808706775\",\"password\":null,\"screenName\":null,\"gender\":null,\"age\":null,\"role\":null} expected [400] but found [200]","time":{"start":1747816653513,"stop":1747816653602,"duration":89}}]},"37cbdd3ab793f921fec829582da00edb":{"statistic":{"failed":0,"broken":0,"skipped":0,"passed":1,"unknown":0,"total":1},"items":[{"uid":"148b4dbf62259613","status":"passed","time":{"start":1747816648788,"stop":1747816648874,"duration":86}}]},"e71caae2ada66ab4afb2c9ab994613da":{"statistic":{"failed":0,"broken":0,"skipped":0,"passed":1,"unknown":0,"total":1},"items":[{"uid":"ab1886fc146cf826","status":"passed","time":{"start":1747816653352,"stop":1747816653436,"duration":84}}]},"732ea6f77bd1e252436e7cb07ab2882a":{"statistic":{"failed":1,"broken":0,"skipped":0,"passed":0,"unknown":0,"total":1},"items":[{"uid":"846989f641e23fc6","status":"failed","statusDetails":"1 expectation failed.\nExpected status code <200> but was <403>.\n","time":{"start":1747816652594,"stop":1747816652681,"duration":87}}]},"c5073efeea55a36ff9e7932e6bbb9fbc":{"statistic":{"failed":1,"broken":0,"skipped":0,"passed":0,"unknown":0,"total":1},"items":[{"uid":"2497cff5e4425496","status":"failed","statusDetails":"Response code is not like expected for the negative test case: Create player with age 60 years old\nHTTP/1.1 200  - {\"id\":2117786328,\"login\":\"userToCreatedenysord88_-945358092\",\"password\":null,\"screenName\":null,\"gender\":null,\"age\":null,\"role\":null} expected [400] but found [200]","time":{"start":1747816653084,"stop":1747816653174,"duration":90}}]},"8d68d0cd23d7f45b62c78fc470bd3ab7":{"statistic":{"failed":0,"broken":0,"skipped":0,"passed":1,"unknown":0,"total":1},"items":[{"uid":"edc28bb321b5c27f","status":"passed","time":{"start":1747816648440,"stop":1747816648526,"duration":86}}]},"a630e3bb745c43eda158835923b45df6":{"statistic":{"failed":0,"broken":0,"skipped":0,"passed":1,"unknown":0,"total":1},"items":[{"uid":"6acb3dc1c8f99075","status":"passed","time":{"start":1747816650981,"stop":1747816651063,"duration":82}}]},"bc55c9eb3c2091ce4d67b38514032cd8":{"statistic":{"failed":0,"broken":0,"skipped":0,"passed":1,"unknown":0,"total":1},"items":[{"uid":"940685768e61c8db","status":"passed","time":{"start":1747816649224,"stop":1747816649309,"duration":85}}]},"b7a4468007838a743e5ba3ab772b14dc":{"statistic":{"failed":0,"broken":0,"skipped":0,"passed":1,"unknown":0,"total":1},"items":[{"uid":"1c2c3c054be83b7c","status":"passed","time":{"start":1747816653770,"stop":1747816653864,"duration":94}}]},"a023732e8f16e04f76c8c8bf1547870b":{"statistic":{"failed":0,"broken":0,"skipped":0,"passed":1,"unknown":0,"total":1},"items":[{"uid":"bd376f25b03367b0","status":"passed","time":{"start":1747816652373,"stop":1747816652486,"duration":113}}]},"41f847c33863531249b3be45d42354f8":{"statistic":{"failed":0,"broken":1,"skipped":0,"passed":0,"unknown":0,"total":1},"items":[{"uid":"c3e1b7b25414d5ca","status":"broken","statusDetails":"Cannot parse content to class models.PlayerUpdateResponseDtoModel because no content-type was present in the response and no default parser has been set.\nYou can specify a default parser using e.g.:\nRestAssured.defaultParser = Parser.JSON;\n\nor you can specify an explicit ObjectMapper using as(class models.PlayerUpdateResponseDtoModel, <ObjectMapper>);","time":{"start":1747816652166,"stop":1747816652265,"duration":99}}]},"6badcec93daf8785fb2275da61dc64d7":{"statistic":{"failed":1,"broken":0,"skipped":0,"passed":0,"unknown":0,"total":1},"items":[{"uid":"48db31e1710f7352","status":"failed","statusDetails":"Failed to delete player adminToDelete with ID: 239052422 by editor 'supervisor': HTTP HTTP/1.1 403  -  expected [HTTP/1.1 204 ] but found [HTTP/1.1 403 ]","time":{"start":1747816651885,"stop":1747816651978,"duration":93}}]},"9456a4b8a9b3e4be2cd5c848658c7fb0":{"statistic":{"failed":0,"broken":0,"skipped":0,"passed":1,"unknown":0,"total":1},"items":[{"uid":"2defe596ed277d63","status":"passed","time":{"start":1747816650561,"stop":1747816650643,"duration":82}}]},"16336ef1215be2df6c39142c057ba497":{"statistic":{"failed":0,"broken":0,"skipped":0,"passed":1,"unknown":0,"total":1},"items":[{"uid":"a0fc888d2530411d","status":"passed","time":{"start":1747816652373,"stop":1747816652572,"duration":199}}]},"c745ab23473e33d3df6e0825513569ca":{"statistic":{"failed":0,"broken":0,"skipped":0,"passed":1,"unknown":0,"total":1},"items":[{"uid":"2fb5812701f22c15","status":"passed","time":{"start":1747816652786,"stop":1747816652889,"duration":103}}]},"35bf4a04ca57e212170d11c707971f7b":{"statistic":{"failed":0,"broken":0,"skipped":0,"passed":1,"unknown":0,"total":1},"items":[{"uid":"5880a48444ca0d40","status":"passed","time":{"start":1747816648966,"stop":1747816649051,"duration":85}}]},"b848c787bbffd241238b7dc2eb682d15":{"statistic":{"failed":0,"broken":0,"skipped":0,"passed":1,"unknown":0,"total":1},"items":[{"uid":"11a8da4dd541a423","status":"passed","time":{"start":1747816648527,"stop":1747816648613,"duration":86}}]},"820346614184a313d4fb87d00baa9f2e":{"statistic":{"failed":0,"broken":0,"skipped":0,"passed":1,"unknown":0,"total":1},"items":[{"uid":"3921c2d11e03ff22","status":"passed","time":{"start":1747816653687,"stop":1747816653769,"duration":82}}]}}